CP,Neighbourhood,Zoning,Borough
76118,10 de Abril,Residential,Queretaro
76118,15 de Mayo,Residential,Queretaro
76069,2 de Abril,Residential,Queretaro
76118,5 de Febrero,Residential,Queretaro
76069,8 de Diciembre,Residential,Queretaro
76226,Acequia Blanca,Residential,Queretaro
76026,Acueducto,Residential,Queretaro
76040,Alameda,Residential,Queretaro
76160,Álamos 1a Sección,Residential,Queretaro
76160,Álamos 2a Secc,Residential,Queretaro
76160,Álamos 3a Secc,Residential,Queretaro
76118,Altos Del Marques,Residential,Queretaro
76140,Altos Del Marques,Residential,Queretaro
76148,Amalia Solorzano,Residential,Queretaro
76134,Ampolletas,Residential,Queretaro
76040,Andalucía,Residential,Queretaro
76040,Aragón,Residential,Queretaro
76140,Arboledas,Residential,Queretaro
76140,Arboledas Del Parque,Residential,Queretaro
76027,Arboledas Del Rio,Residential,Queretaro
76048,Arquitos,Residential,Queretaro
76085,Arte Mexicano,Residential,Queretaro
76137,Aurora,Residential,Queretaro
76085,Azteca 1,Residential,Queretaro
76079,Balaustradas,Residential,Queretaro
76159,Balcón Campestre,Residential,Queretaro
76144,Balcones,Residential,Queretaro
76140,Balcones Residentialles,Residential,Queretaro
76230,Balcones de Juriquilla,Residential,Queretaro
76024,Balcones Del Acueducto,Residential,Queretaro
76148,Belén,Residential,Queretaro
76069,Belinda,Residential,Queretaro
76125,Bellavista,Residential,Queretaro
76089,Benito Juárez,Residential,Queretaro
76120,Benito Juárez,Industrial Zone,Queretaro
76144,Bolaños,Residential,Queretaro
76237,Bolaños,Common land,Queretaro
76087,Bosques de Queretaro,Residential,Queretaro
76020,Bosques Del Acueducto,Residential,Queretaro
76087,Bosques Del Cimatorio,Residential,Queretaro
76113,Bosques Del Sol,Residential,Queretaro
76225,Buenavista,Congregacion,Queretaro
76147,Buenos Aires,Residential,Queretaro
76116,Bugambilias,Residential,Queretaro
76070,Burócrata,Residential,Queretaro
76020,Calesa,Residential,Queretaro
76024,Calesa 2a Sección,Residential,Queretaro
76177,Carolina,Residential,Queretaro
76050,Carretas,Residential,Queretaro
76030,Casa Blanca,Residential,Queretaro
76224,Casa Blanca,Agro-industrial,Queretaro
76008,Centro Sct Queretaro,Residential,Queretaro
76116,Cerrito Colorado,Residential,Queretaro
76116,Cerrito Colorado 2a Secc,Residential,Queretaro
76118,Cerrito Colorado III,Residential,Queretaro
76118,Cerrito Colorado IV,Residential,Queretaro
76118,Cerrito Colorado V,Residential,Queretaro
76118,Cerrito Colorado VI,Residential,Queretaro
76118,Cerrito Colorado VII,Residential,Queretaro
76221,Cerro de La Cruz,Agro-industrial,Queretaro
76221,Charape de La Joya,Agro-industrial,Queretaro
76159,Cima,Residential,Queretaro
76030,Cimatario,Residential,Queretaro
76147,Cinco Halcones,Residential,Queretaro
76125,Cipreses,Residential,Queretaro
76059,Circuito Comercial Núcleo las Américas,Residential,Queretaro
76017,Circuito Universitario,Residential,Queretaro
76006,Ciudad de Queretaro,Airport,Queretaro
76093,Claustros de Corregidora II,Residential,Queretaro
76168,Claustros Del Parque,Residential,Queretaro
76190,Club Campestre de Queretaro,Residential,Queretaro
76170,Colibrí,Residential,Queretaro
76147,Colinas de Menchaca,Residential,Queretaro
76117,Colinas de Santa Cruz 1a Sección,Residential,Queretaro
76117,Colinas de Santa Cruz 2a Sección,Residential,Queretaro
76090,Colinas Del Cimatario,Residential,Queretaro
76140,Colinas Del Parque,Residential,Queretaro
76116,Colinas Del Poniente,Residential,Queretaro
76085,Colinas Del Sur,Residential,Queretaro
76069,Conjunto Bugambilias,Residential,Queretaro
76158,Conjunto Parques,Residential,Queretaro
76159,Conjunto Queretano,Residential,Queretaro
76024,Conjunto Seminario,Residential,Queretaro
76070,Conjunto Terranova,Residential,Queretaro
76121,Conquistadores,Residential,Queretaro
76087,Constelación,Residential,Queretaro
76147,Constituyentes 2a Residential,Residential,Queretaro
76156,Constituyentes de 1824,Residential,Queretaro
76147,Constituyentes Del Parque,Residential,Queretaro
76150,Constituyentes Fovissste,Residential Unit,Queretaro
76220,Continental,Residential,Queretaro
76070,Corregidora,Residential,Queretaro
76024,Cortijo,Residential,Queretaro
76024,Cortijo II,Residential,Queretaro
76110,Cosmos,Residential,Queretaro
76180,Cruz de Fuego,Residential,Queretaro
76147,Cuauhtémoc,Residential,Queretaro
76148,Cuesta Azul,Residential,Queretaro
76087,Cuitlahuac,Residential,Queretaro
76127,Cuitlahuac,Residential,Queretaro
76209,Cumbres de Conin,Residential,Queretaro
76095,Cumbres Del Cimatario,Residential,Queretaro
76230,Cumbres del Lago,Residential,Queretaro
76069,Del Bosque,Residential,Queretaro
76024,Del Rio,Residential,Queretaro
76190,Del Valle,Residential,Queretaro
76158,Departamental los Pirules,Residential,Queretaro
76090,Dependencias,Residential,Queretaro
76117,Desarrollo Familiar,Residential,Queretaro
76125,Desarrollo San Pablo I,Residential,Queretaro
76125,Desarrollo San Pablo II,Residential,Queretaro
76147,Diana Laura,Residential,Queretaro
76020,Diligencias,Residential,Queretaro
76114,Don Manuel,Residential,Queretaro
76085,Ejido Casa Blanca,Residential,Queretaro
76134,El Arco,Residential,Queretaro
76146,El Campanario,Residential,Queretaro
76030,El Carrizal,Residential,Queretaro
76160,El Cerrito,Residential,Queretaro
76020,El Cortijo,Residential,Queretaro
76178,El Ensueño,Residential,Queretaro
76115,El Garambullo,Residential,Queretaro
76228,El Herrero,Agro-industrial,Queretaro
76187,El Jacal,Residential,Queretaro
76180,El Jacal,Exhacienda,Queretaro
76046,El Laurel,Residential,Queretaro
76069,El Limonar,Residential,Queretaro
76047,El Marques,Residential,Queretaro
76134,El Mirador,Residential,Queretaro
76229,El Nabo,Agro-industrial,Queretaro
76024,El Oasis,Residential,Queretaro
76148,El Parque,Residential,Queretaro
76227,El Patol,Agro-industrial,Queretaro
76229,El Pie,Agro-industrial,Queretaro
76039,El Prado,Residential,Queretaro
76154,El Retablo,Residential,Queretaro
76070,El Retiro,Residential,Queretaro
76114,El Rocio,Residential,Queretaro
76114,El Rocio II,Residential,Queretaro
76178,El Rosario,Residential,Queretaro
76208,El Rosario,Agro-industrial,Queretaro
76148,El Sabino,Residential,Queretaro
76127,El Salitre,Residential,Queretaro
76179,El Sillar,Residential,Queretaro
76113,El Sol,Residential,Queretaro
76160,El Tepetate,Residential,Queretaro
76134,El Tintero,Residential,Queretaro
76227,El Transito,Agro-industrial,Queretaro
76148,El Vergel,Residential,Queretaro
76236,El Zapote,Agro-industrial,Queretaro
76158,España,Residential,Queretaro
76069,Estación Hércules,Residential,Queretaro
76224,Estancia de La Ranchera,Agro-industrial,Queretaro
76150,Estío,Residential,Queretaro
76030,Estrella,Residential,Queretaro
76170,Eucaliptos I,Residential,Queretaro
76170,Eucaliptos II,Residential,Queretaro
76170,Eucaliptos III,Residential,Queretaro
76148,Euripides,Residential,Queretaro
76093,Ex Hacienda Carreteras,Residential,Queretaro
76134,Exhacienda El Tintero,Residential,Queretaro
76147,Exhacienda Menchaca,Residential,Queretaro
76116,Exhacienda Santana,Residential,Queretaro
76138,Felipe Carrillo Puerto,Residential,Queretaro
76137,Ferrocarrileros,Residential,Queretaro
76197,Fidel Velázquez,Residential,Queretaro
76112,Fovissste,Residential Unit,Queretaro
76086,Francisco Villa,Residential,Queretaro
76122,Francisco Villa I,Residential,Queretaro
76118,Francisco Villa II,Residential,Queretaro
76085,Fraternidad de Santiago,Residential,Queretaro
76036,Fray Juan P,Residential,Queretaro
76137,Fuentes,Residential,Queretaro
76177,Galindas,Residential,Queretaro
76116,Geo Plazas,Residential,Queretaro
76100,Gobernantes,Residential,Queretaro
76026,Goyeneche,Residential,Queretaro
76165,Guadalupe Victoria,Residential,Queretaro
76070,Habitacional Vista,Residential,Queretaro
76147,Halcones,Residential,Queretaro
76069,Hércules,Residential,Queretaro
76164,Héroe de Nacozari,Residential,Queretaro
76057,Hidalgo,Residential,Queretaro
76137,Huertas La Joya,Residential,Queretaro
76118,Independencia,Residential,Queretaro
76147,Independencia,Residential,Queretaro
76130,Industrial,Residential,Queretaro
76139,Industrial Carrillo Puerto,Residential,Queretaro
76150,Industrial La Montaña,Residential,Queretaro
76117,Insurgentes,Residential,Queretaro
76029,Jacarandas,Residential,Queretaro
76069,Jardines de Hércules,Residential,Queretaro
76180,Jardines de La Hacienda,Residential,Queretaro
76020,Jardines de Queretaro,Residential,Queretaro
76148,Jardines de Santiago,Residential,Queretaro
76137,Jardines Del Valle,Residential,Queretaro
76127,Jérica,Industrial Zone,Queretaro
76215,Jofre,Agro-industrial,Queretaro
76210,Jofrito,Agro-industrial,Queretaro
76136,José María Arteaga,Residential,Queretaro
76137,José María Arteaga,Residential Unit,Queretaro
76110,Josefa Ortiz de Dominguez,Residential,Queretaro
76100,Jurica,Residential,Queretaro
76100,Jurica,Residential,Queretaro
76100,Jurica Pinar,Residential,Queretaro
76230,Juriquilla,Agro-industrial,Queretaro
76024,Karina,Residential,Queretaro
76074,La Alhambra,Residential,Queretaro
76221,La Barreta,Agro-industrial,Queretaro
76230,La cañada,Residential,Queretaro
76217,La Cañada,Agro-industrial,Queretaro
76170,La Capilla,Residential,Queretaro
76177,La Carambada,Residential,Queretaro
76221,La Carbonera,Agro-industrial,Queretaro
76116,La Cordillera,Residential,Queretaro
76020,La Cruz,Residential,Queretaro
76026,La Cruz,Residential,Queretaro
76150,La Era,Residential,Queretaro
76210,La Estacada,Agro-industrial,Queretaro
76150,La Estación,Residential,Queretaro
76214,La Estancia Palo Dulce,Agro-industrial,Queretaro
76150,La Florida,Residential,Queretaro
76210,La Gotera,Agro-industrial,Queretaro
76180,La Granja,Residential,Queretaro
76114,La Huerta,Residential,Queretaro
76180,La Joya,Residential,Queretaro
76221,La Joya,Agro-industrial,Queretaro
76067,La Laguna,Residential,Queretaro
76113,La Loma,Residential,Queretaro
76168,La Loma,Residential,Queretaro
76113,La Luna,Residential,Queretaro
76212,La Luz,Agro-industrial,Queretaro
76219,La Monja,Agro-industrial,Queretaro
76025,La Pastora,Residential,Queretaro
76116,La Peña,Residential,Queretaro
76150,La Piedad,Residential,Queretaro
76239,La Purisima,Agro-industrial,Queretaro
76146,La Purísima,Residential,Queretaro
76227,La Purísima,Agro-industrial,Queretaro
76170,La Reja,Residential,Queretaro
76137,La Sierrita,Residential,Queretaro
76220,La Solana,Agro-industrial,Queretaro
76228,La Tinaja de La Estancia,Agro-industrial,Queretaro
76166,La Trinidad,Residential,Queretaro
76121,Las Américas,Ampliacion,Queretaro
76121,Las Américas,Residential,Queretaro
76116,Las Azucenas,Residential,Queretaro
76160,Las Brujas,Residential,Queretaro
76010,Las Campanas,Residential,Queretaro
76137,Las Flores,Residential,Queretaro
76030,Las Fuentes,Residential,Queretaro
76147,Las Fuentes,Residential,Queretaro
76177,Las Galindas,Residential,Queretaro
76168,Las Gemas,Residential,Queretaro
76177,Las Glorias,Residential,Queretaro
76160,Las Hadas,Residential,Queretaro
76030,Las Misiones,Residential,Queretaro
76040,Las Palmas,Residential,Queretaro
76158,Las Peñas,Residential,Queretaro
76158,Las Peñitas,Residential,Queretaro
76180,Las Plazas,Residential,Queretaro
76164,Las Rosas,Residential,Queretaro
76220,Las Rosas,Residential,Queretaro
76138,Las Teresas,Residential,Queretaro
76137,Las Teresitas B,Residential,Queretaro
76186,Las Torres,Residential,Queretaro
76087,Lázaro Cárdenas,Residential,Queretaro
76085,Lázaro Cárdenas 3a Secc,Residential,Queretaro
76148,Libertad,Residential,Queretaro
76147,Libertadores de América,Residential,Queretaro
76118,Libertadores de América,Residential,Queretaro
76168,Lindavista,Residential,Queretaro
76228,Llano de La Rochera,Agro-industrial,Queretaro
76049,Loma Bonita,Residential,Queretaro
76116,Loma Bonita 2a Sección,Residential,Queretaro
76118,Loma Bonita Norte,Residential,Queretaro
76218,Loma Del Chino,Agro-industrial,Queretaro
76060,Loma Dorada,Residential,Queretaro
76070,Loma Linda,Residential,Queretaro
76067,Lomas de Carretas,Residential,Queretaro
76080,Lomas de Casablanca,Residential,Queretaro
76190,Lomas de Queretaro,Residential,Queretaro
76125,Lomas de San Pablo,Residential,Queretaro
76125,Lomas de San Pedrito,Residential,Queretaro
76148,Lomas de San Pedrito Peñuelas Secc Portales,Residential,Queretaro
76086,Lomas Del Campestre,Residential,Queretaro
76085,Lomas Del Cimatario,Residential,Queretaro
76146,Lomas Del Marques,Residential,Queretaro
76085,Lomas Del Valle,Residential,Queretaro
76150,Los Alcanfores,Residential,Queretaro
76150,Los Angeles,Residential,Queretaro
76024,Los Arcos,Residential,Queretaro
76086,Los Candiles,Residential,Queretaro
76165,Los Cedros,Residential,Queretaro
76148,Los Ciruelos,Residential,Queretaro
76165,Los Claustros,Residential,Queretaro
76087,Los Comerciantes,Residential,Queretaro
76156,Los Eucaliptos,Residential,Queretaro
76158,Los Faroles,Residential,Queretaro
76113,Los Framboyanes,Residential,Queretaro
76150,Los Fresnos,Residential,Queretaro
76117,Los Fundadores,Residential,Queretaro
76159,Los Girasoles,Residential,Queretaro
76139,Los Laureles,Residential,Queretaro
76116,Los Manzanos,Residential,Queretaro
76150,Los Molinos,Residential,Queretaro
76148,Los Padilla,Residential,Queretaro
76147,Los Pinos,Residential,Queretaro
76176,Los Pinos,Residential,Queretaro
76125,Los Robles,Residential,Queretaro
76114,Los Sauces,Residential,Queretaro
76139,Los Tabachines,Residential,Queretaro
76175,Los Virreyes,Residential,Queretaro
76150,Los Vitrales,Residential,Queretaro
76118,Luis Donaldo Colosio,Residential,Queretaro
76138,Luis Donaldo Colosio,Residential,Queretaro
76180,Magisterial,Residential,Queretaro
76229,Mampani,Agro-industrial,Queretaro
76185,Mansiones Del Valle,Residential,Queretaro
76139,Manuel Jurado,Residential,Queretaro
76165,Margaritas,Residential,Queretaro
76080,María Esther Zuno de Echeverría,Residential,Queretaro
76037,Mariano de las Casas,Residential,Queretaro
76085,Marques Queretaro,Residential,Queretaro
76235,Menchaca,Agro-industrial,Queretaro
76147,Menchaca I,Residential,Queretaro
76147,Menchaca II,Residential,Queretaro
76147,Menchaca III,Residential,Queretaro
76040,Mercurio,Residential,Queretaro
76116,Miguel Hidalgo,Residential,Queretaro
76060,Milenio,Residential,Queretaro
76060,Milenio III,Residential,Queretaro
76136,Militar,Residential,Queretaro
76188,Milpa Alta,Hacienda,Queretaro
76159,Mirador,Residential,Queretaro
76146,Mirador Del Marques,Residential,Queretaro
76149,Misión de Concá,Residential,Queretaro
76177,Modelo,Residential,Queretaro
76206,Modelo,Agro-industrial,Queretaro
76030,Moderna,Residential,Queretaro
76038,Moderna,Residential Unit,Queretaro
76156,Moderna,Residential Unit,Queretaro
76150,Molinos de La Era,Residential,Queretaro
76087,Monte Blanco,Residential,Queretaro
76220,Montenegro,Hacienda,Queretaro
76069,Morelos,Residential,Queretaro
76118,Morelos,Residential,Queretaro
76121,Movimiento Obrero,Residential,Queretaro
76147,Mujeres Independientes,Residential,Queretaro
76010,Niños Héroes,Residential,Queretaro
76147,Nueva Creación,Residential,Queretaro
76134,Nuevo Carrillo,Residential,Queretaro
76130,Obrera,Residential,Queretaro
76040,Observatorio,Residential,Queretaro
76211,Ojo de Agua,Agro-industrial,Queretaro
76180,Orquídeas,Residential,Queretaro
76009,Palacio de Gobierno Del Estado de Queretaro,Gran usuario,Queretaro
76127,Palmares,Residential,Queretaro
76213,Palo Alto,Agro-industrial,Queretaro
76040,Panamericano,Residential,Queretaro
76046,Panorámico,Residential,Queretaro
76160,Parque Del Álamo,Residential,Queretaro
76020,Pathe,Residential,Queretaro
76144,Pedregal de Queretaro,Residential,Queretaro
76063,Pedregal de Vista Hermosa,Residential,Queretaro
76024,Peñitas,Residential,Queretaro
76148,Peñuelas,Residential,Queretaro
76233,Peñuelas,Agro-industrial,Queretaro
76224,Pie de Gallo,Agro-industrial,Queretaro
76223,Pintillo,Agro-industrial,Queretaro
76223,Pinto,Agro-industrial,Queretaro
76099,Plaza Del Sol,Residential,Queretaro
76099,Plaza Del Sol 2a Sección,Residential,Queretaro
76099,Plaza Del Sol 3a Sección,Residential,Queretaro
76169,Plazas Del Parque,Residential,Queretaro
76134,Plutarco Elias Calles,Residential,Queretaro
76150,Popular Indeco,Residential Unit,Queretaro
76148,Portal de Samaniego,Residential,Queretaro
76158,Porvenir,Residential,Queretaro
76087,Praderas Del Sol,Residential,Queretaro
76176,Prados de La Capilla,Residential,Queretaro
76199,Prados Del Campestre,Residential,Queretaro
76070,Prados Del Mirador,Residential,Queretaro
76158,Prados Del Tecnológico,Residential,Queretaro
76216,Presa de Becerra,Agro-industrial,Queretaro
76225,Presa de Santa Catarina,Agro-industrial,Queretaro
76080,Presidentes,Residential,Queretaro
76040,Primavera,Residential,Queretaro
76156,Primavera,Residential,Queretaro
76140,Privada Arboledas,Residential,Queretaro
76230,Privada Juriquilla,Residential,Queretaro
76116,Privadas Del Cerrito Colorado,Residential,Queretaro
76138,Progreso,Residential,Queretaro
76230,Providencia Juriquilla,Residential,Queretaro
76144,Puerta del Cielo,Residential,Queretaro
76114,Puertas Del Sol,Residential,Queretaro
76220,Puerto de Aguirre,Agro-industrial,Queretaro
76116,Puestas Del Sol,Residential,Queretaro
76116,Querena,Residential,Queretaro
76079,Quinta Balaustradas,Residential,Queretaro
76168,Quinta Laborcla,Residential,Queretaro
76047,Quintas Del Marques,Residential,Queretaro
76146,Rancho Nuevo,Residential,Queretaro
76127,Raquet Club,Residential,Queretaro
76158,Real Del Parque,Residential Unit,Queretaro
76147,Real España,Residential,Queretaro
76159,Real Jurica,Residential,Queretaro
76086,Reforma Agraria,Residential,Queretaro
76086,Reforma Agraria 2a Secc,Residential,Queretaro
76086,Reforma Agraria 3a Secc,Residential,Queretaro
76086,Reforma Agraria 4a Secc,Residential,Queretaro
76086,Reforma Agraria 5a Secc,Residential,Queretaro
76148,Reforma Agraria Radical,Residential,Queretaro
76074,Residencial Alambra,Residential,Queretaro
76168,Residencial Bosques,Residential,Queretaro
76177,Residential Frondoso,Residential,Queretaro
76131,Residencial Italia,Residential,Queretaro
76150,Residencial Tecnológico,Residential,Queretaro
76148,Ricardo Flores Magón,Residential,Queretaro
76005,Rincón de San Andres,Residential,Queretaro
76190,Rincón de San Antonio,Residential,Queretaro
76125,Rinconada Del Pacifico,Residential,Queretaro
76113,Rinconada Del Sol,Residential,Queretaro
76168,Rinconada Jacarandas,Residential,Queretaro
76177,Rinconada La Capilla,Residential,Queretaro
76150,Rinconada los Pirules,Residential,Queretaro
76159,Rinconada San Joaquín,Residential,Queretaro
76138,Rinconada Zimapan,Residential,Queretaro
76118,Rosendo Salazar,Residential,Queretaro
76117,Ruben Jaramillo,Residential,Queretaro
76030,San Angel,Residential,Queretaro
76144,San Antonio,Residential Unit,Queretaro
76135,San Antonio de La Huerta,Residential,Queretaro
76135,San Antonio de La Punta,Residential,Queretaro
76137,San Antonio Del Maurel,Residential,Queretaro
76139,San Diego,Residential,Queretaro
76147,San Felipe,Residential,Queretaro
76230,San Francisco,Residential,Queretaro
76058,San Francisquito,Residential,Queretaro
76156,San Gregorio,Residential,Queretaro
76223,San Isidro Buenavista,Agro-industrial,Queretaro
76228,San Isidro El Alto,Agro-industrial,Queretaro
76209,San Isidro Miranda,Agro-industrial,Queretaro
76224,San Isidro Viejo,Agro-industrial,Queretaro
76020,San Javier,Residential,Queretaro
76139,San José,Residential,Queretaro
76226,San José Buenavista,Agro-industrial,Queretaro
76227,San José de La Tinaja,Agro-industrial,Queretaro
76147,San José El Alto,Residential,Queretaro
76238,San José El Alto,Agro-industrial,Queretaro
76027,San José Inn,Residential,Queretaro
76117,San Marcos,Residential,Queretaro
76220,San Miguelito,Agro-industrial,Queretaro
76159,San Pablo,Residential,Queretaro
76125,San Pablo I,Residential,Queretaro
76125,San Pablo II,Residential,Queretaro
76121,San Pablo III,Residential,Queretaro
76121,San Pablo IV,Residential,Queretaro
76150,San Pablo Tecnológico,Residential,Queretaro
76148,San Pedrito Ecológico,Residential,Queretaro
76232,San Pedrito El Alto,Agro-industrial,Queretaro
76148,San Pedrito los Arcos,Residential,Queretaro
76148,San Pedrito Peñuelas I,Residential,Queretaro
76148,San Pedrito Peñuelas II,Residential,Queretaro
76148,San Pedrito Peñuelas III,Residential,Queretaro
76148,San Pedrito Peñuelas IV,Residential,Queretaro
76117,San Pedro Mártir,Residential,Queretaro
76150,San Roque,Residential,Queretaro
76165,San Sebastián,Residential,Queretaro
76157,Santa Catarina,Residential,Queretaro
76223,Santa Catarina,Agro-industrial,Queretaro
76147,Santa Fe,Residential,Queretaro
76137,Santa María,Residential,Queretaro
76138,Santa Mónica 1a Sección,Residential,Queretaro
76138,Santa Mónica 2a Secc,Residential,Queretaro
76220,Santa Rosa de Jauregui,Pueblo,Queretaro
76179,Santiago,Residential,Queretaro
76000,Santiago de Queretaro Centro,Residential,Queretaro
76137,Santo Niño,Residential,Queretaro
76234,Santo Niño de Praga,Agro-industrial,Queretaro
76110,Satélite,Residential,Queretaro
76115,Satélite Fovissste,Residential,Queretaro
76007,Secretaria de Hacienda y Crédito Publico,Gran usuario,Queretaro
76114,Sendero,Commercial,Queretaro
76125,Sergio Villaseñor,Residential,Queretaro
76134,Solidaridad 90,Residential,Queretaro
76158,Tecnológico,Residential,Queretaro
76116,Teotihuacan,Residential,Queretaro
76125,Terrazas de San Pablo,Residential,Queretaro
76069,Texas,Residential,Queretaro
76229,Tlacote El Alto,Agro-industrial,Queretaro
76229,Tlacote El Bajo,Agro-industrial,Queretaro
76121,Tlanese,Residential,Queretaro
76230,Tolimán,Residential,Queretaro
76148,Unidad Nacional,Residential,Queretaro
76087,Unidad Roma,Residential,Queretaro
76085,Unidad Social Queretana,Residential,Queretaro
76085,Unión,Residential,Queretaro
76180,Unión Magisterial,Residential,Queretaro
76028,Universidad,Residential,Queretaro
76085,Universo 200,Residential,Queretaro
76040,Valle Alameda,Residential,Queretaro
76085,Venceremos,Residential,Queretaro
76158,Victoria,Residential,Queretaro
76147,Victoria A Popular,Residential,Queretaro
76148,Villa Fontana,Residential,Queretaro
76206,Villa Jardín,Residential,Queretaro
76178,Villa las Arboledas,Residential,Queretaro
76116,Villas de Guadalupe,Residential,Queretaro
76148,Villas de Santiago,Residential,Queretaro
76226,Villas Del Mesón,Agro-industrial,Queretaro
76063,Villas Del Oriente,Residential,Queretaro
76140,Villas Del Parque,Residential,Queretaro
76087,Villas Del Rincón,Residential,Queretaro
76046,Villas Del Sol,Residential,Queretaro
76040,Villas Del Sur,Residential,Queretaro
76150,Villas Tecnológico,Residential,Queretaro
76078,Villas Valle Alameda,Residential,Queretaro
76140,Vista 2000,Residential,Queretaro
76090,Vista Alegre,Residential,Queretaro
76074,Vista Alegre,Residential,Queretaro
76074,Vista Alegre 2a Secc,Residential,Queretaro
76074,Vista Alegre 3a Secc,Residential,Queretaro
76074,Vista Alegre Maxei,Residential,Queretaro
76087,Vista Azul,Residential,Queretaro
76060,Vista Dorada,Residential,Queretaro
76063,Vista Hermosa,Residential,Queretaro
76085,Vistas Del Cimatorio,Residential,Queretaro
76116,Vistas Del Valle,Residential,Queretaro
76155,Viveros,Residential,Queretaro
76140,Viveros Residential,Residential,Queretaro
76087,Zapata Vive,Residential,Queretaro
76147,12 de Diciembre,Residential,Queretaro
76116,25 de Diciembre,Residential,Queretaro
76160,Álamos 2a Sección,Residential,Queretaro
76160,Álamos 3a Sección,Residential,Queretaro
76113,Alborada,Residential,Queretaro
76085,Altos del Cimatario,Residential,Queretaro
76140,Altos del Marqués 1 y 2 Etapa,Residential,Queretaro
76121,Altos de San Pablo,Residential,Queretaro
76148,Ampliación Amalia Solórzano,Residential,Queretaro
76116,Ampliación Patria Nueva,Residential,Queretaro
76110,Ampliación Satélite,Residential,Queretaro
76180,Anáhuac,Residential,Queretaro
76040,Andalucía Sección Cordova,Residential,Queretaro
76148,Anexo a la Ecólogia,Residential,Queretaro
76144,Anexo Ejido Bolaños,Residential,Queretaro
76093,Ángeles,Residential,Queretaro
76147,Antorchista,Residential,Queretaro
76150,Asalias,Residential,Queretaro
76100,Atenas,Residential,Queretaro
76085,Azteca,Residential,Queretaro
76125,Balcones de San Pablo,Residential,Queretaro
76100,Bleu Casas Platina,Residential,Queretaro
76148,Bosques de Bella Vista,Residential,Queretaro
76148,Bosques de la Hacienda,Residential,Queretaro
76087,Bosques de las Lomas,Residential,Queretaro
76085,Bosques del Cimatario,Residential,Queretaro
76087,Bosques del Cimatario 2a. Sección,Residential,Queretaro
76116,Bugambilias Residential,Residential,Queretaro
76087,Campestre Italiana,Residential,Queretaro
76139,Carrillo,Residential,Queretaro
76179,C.E.A.,Residential,Queretaro
76140,Cedros Alcatraces,Residential,Queretaro
76140,Cedros Tilipanes,Residential,Queretaro
76117,Centenario,Residential,Queretaro
76000,Centro,Residential,Queretaro
76090,Centro Sur,Residential,Queretaro
76017,Centro Universitario (U.A.Q.),Institutional,Queretaro
76116,Che Guevara (Axayacatl),Residential,Queretaro
76116,Chula Vista I,Residential,Queretaro
76116,Chula Vista II,Residential,Queretaro
76116,Ciudad del Sol,Residential,Queretaro
76093,Claustros de la Catedral,Residential,Queretaro
76093,Claustros de la Corregidora 2,Residential,Queretaro
76093,Claustros de la Corregidora I,Residential,Queretaro
76116,Claustros de la Loma,Residential,Queretaro
76093,Claustros de las Misiones,Residential,Queretaro
76093,Claustros del Marques,Residential,Queretaro
76093,Claustros del Sur,Residential,Queretaro
76093,Claustros de Santiago,Residential,Queretaro
76185,Clautros del Campestre,Residential,Queretaro
76190,Club Campestre,Residential,Queretaro
76147,Colinas de Menchaca 2a Sección,Residential,Queretaro
76148,Colinas de San Pablo,Residential,Queretaro
76087,Comerciantes,Residential,Queretaro
76117,Comevi,Residential,Queretaro
76116,Condominio La Cordillera,Residential,Queretaro
76148,Conjunto Belén,Residential,Queretaro
76159,Conjunto Queretaro,Residential,Queretaro
76147,Constituyentes,Residential,Queretaro
76070,Corregidora (Burocrata),Residential,Queretaro
76110,Cosmos (Satelite),Residential,Queretaro
76063,Cuesta Bonita,Residential,Queretaro
76060,Cumbres del Mirador,Residential,Queretaro
76177,Demetrio Vallejo,Residential,Queretaro
76158,Departamental Parques,Residential,Queretaro
76125,Desarrollo San Ángel,Residential,Queretaro
76125,Desarrollo San Pablo,Residential,Queretaro
76147,Diana Laura Rojas,Residential,Queretaro
76100,Dolce Terra,Residential,Queretaro
76118,Eduardo Loarca,Residential,Queretaro
76147,Ejido Menchaca (Los Pinos),Residential,Queretaro
76177,Ejido Modelo,Residential,Queretaro
76113,El Arcángel,Residential,Queretaro
76147,El Arcángel (La Guayina),Residential,Queretaro
76069,El Bosque,Residential,Queretaro
76137,El Chamizal,Residential,Queretaro
76024,El Cortijo II,Residential,Queretaro
76100,El Destino,Residential,Queretaro
76150,El Fenix,Residential,Queretaro
76138,El Higo,Residential,Queretaro
76148,El Jardín,Residential,Queretaro
76085,El Marqués Queretano,Residential,Queretaro
76144,El Pedregal de Queretaro,Residential,Queretaro
76158,El Porvenir,Residential,Queretaro
76138,El Progreso,Residential,Queretaro
76118,El Romerillal,Residential,Queretaro
76113,El Sol Residential,Residential,Queretaro
76118,El Tepeyac,Residential,Queretaro
76147,Enrique Burgos (La Rinconada),Residential,Queretaro
76178,Ensueño,Residential,Queretaro
76147,Epigmenio González (El Oasis),Residential,Queretaro
76116,Eucaliptos,Residential,Queretaro
76134,Ex-Hacienda El Tintero,Residential,Queretaro
76116,Ex-Hacienda Santana,Residential,Queretaro
76150,Felipe Ángeles,Residential,Queretaro
76121,Felipe Ángeles,Residential,Queretaro
76117,Fernando de Tapia,Residential,Queretaro
76137,Ferrocarriles Sección Rinconada Santa Anita,Residential,Queretaro
76197,Fidel Velázquez Sánchez,Residential,Queretaro
76117,Francisco Javier Mina,Residential,Queretaro
76147,Fray Junípero Serra,Residential,Queretaro
76159,Fresnos Condominio 2,Residential,Queretaro
76159,Fresnos Condominio 3,Residential,Queretaro
76159,Fresnos Condominio 4,Residential,Queretaro
76177,Frida Kahlo,Residential,Queretaro
76117,Fundadores,Residential,Queretaro
76177,Galindas Residential,Residential,Queretaro
76150,Géminis,Residential,Queretaro
76147,Generación 2000,Residential,Queretaro
76116,Geo Villas,Residential,Queretaro
76165,Guadalupe Victoria (SAHOP),Residential,Queretaro
76177,Hacienda Galindo,Residential,Queretaro
76185,Hacienda San Miguel,Residential,Queretaro
76100,Hacienda Santa Rosa,Residential,Queretaro
76087,Huertas del Cimatario,Residential,Queretaro
76147,Ignacio Pérez,Residential,Queretaro
76147,Ignacio Zaragoza,Residential,Queretaro
76125,Jardines de Alborada,Residential,Queretaro
76116,Jardines de Azucenas,Residential,Queretaro
76118,Jardines de Jurica,Residential,Queretaro
76148,Jardines del Bosque,Residential,Queretaro
76087,Jardines del Cimatario,Residential,Queretaro
76117,Jardines del Sol,Residential,Queretaro
76147,Jardines de San José,Residential,Queretaro
76147,Jardines de San José 2a. Sección,Residential,Queretaro
76147,Jardines de San José 3a. Sección,Residential,Queretaro
76148,Jardines de Villas de Santiago,Residential,Queretaro
76110,Josefa Ortiz de Domínguez II,Residential,Queretaro
76110,Josefa Ortiz de Domínguez III,Residential,Queretaro
76116,Josefa Ortiz de Domínguez IV,Residential,Queretaro
76125,José María Bustamante,Residential,Queretaro
76137,La Aurora,Residential,Queretaro
76100,La Campana,Residential,Queretaro
76100,La Castellana,Residential,Queretaro
76159,La Cima,Residential,Queretaro
76125,La Condesa,Residential,Queretaro
76069,La Cuesta,Residential,Queretaro
76147,Ladera de San José el Alto Oriente,Residential,Queretaro
76117,Laderas de San Pedro,Residential,Queretaro
76117,La Esmeralda,Residential,Queretaro
76121,La Esperanza,Residential,Queretaro
76069,La Estación 2a. Sección,Residential,Queretaro
76150,La Estación F.F.C.C.,Residential,Queretaro
76116,La Floresta,Residential,Queretaro
76139,La Higuera,Residential,Queretaro
76148,La Ladera,Residential,Queretaro
76147,La Ladera (Menchaca III),Residential,Queretaro
76024,La Peñita,Residential,Queretaro
76150,La Popular,Residential,Queretaro
76148,La Rueca,Residential,Queretaro
76121,Las Américas San Pablo,Residential,Queretaro
76178,La Sandia,Residential,Queretaro
76116,Las Camelinas,Residential,Queretaro
76139,Las Josefinas,Residential,Queretaro
76168,Las Palomas,Residential,Queretaro
76147,La Tinaja,Residential,Queretaro
76125,Latinoamericana,Residential,Queretaro
76177,La Toscana,Residential,Queretaro
76085,La Unión,Residential,Queretaro
76146,La Vista Residential,Residential,Queretaro
76085,Lázaro Cárdenas III,Residential,Queretaro
76118,Leyes de Reforma,Residential,Queretaro
76118,Libertadores,Residential,Queretaro
76147,Lic. Alfredo Estrada Romero,Residential,Queretaro
76087,Linderos del Cimatario,Residential,Queretaro
76118,Loma Bonita 2a. Sección,Residential,Queretaro
76116,Loma IX,Residential,Queretaro
76116,Loma Real,Residential,Queretaro
76080,Lomas de Casa Blanca,Residential,Queretaro
76146,Lomas del Campanario II,Residential,Queretaro
76146,Lomas del Campanario III,Residential,Queretaro
76114,Lomas del Carmen,Residential,Queretaro
76168,Lomas de Lindavista,Residential,Queretaro
76118,Lomas del Pedregal 2a. Sección,Residential,Queretaro
76127,Lomas del Salitre,Residential,Queretaro
76147,Lomas de Mechaca,Residential,Queretaro
76087,Lomas de Pasteur,Residential,Queretaro
76116,Lomas de San Ángel,Residential,Queretaro
76147,Lomas de San José,Residential,Queretaro
76148,Lomas de San Pedrito (Sección Portales),Residential,Queretaro
76110,Lomas de Satélite,Residential,Queretaro
76156,Los Alcanfores Sección Norte,Residential,Queretaro
76150,Los Alcanfores Sección Sur,Residential,Queretaro
76178,Los Ángeles I,Residential,Queretaro
76147,Los Arroyitos,Residential,Queretaro
76114,Los Castaños,Residential,Queretaro
76116,Los Encinos,Residential,Queretaro
76147,Los Huertos,Residential,Queretaro
76190,Los Pilares,Residential,Queretaro
76148,Los Sabinos,Residential,Queretaro
76087,Manantiales del Cimatario,Residential,Queretaro
76005,Mariano Escobedo,Residential,Queretaro
76168,Mega Plaza,Residential,Queretaro
76060,Milenio 3a. Sección,Residential,Queretaro
76146,Miradores,Residential,Queretaro
76125,Misión Bucareli,Residential,Queretaro
76087,Misión Cimatario,Residential,Queretaro
76116,Misión de Carrillo,Residential,Queretaro
76116,Misión de Carrillo II,Residential,Queretaro
76117,Misión Fundadores,Residential,Queretaro
76147,Monarca,Residential,Queretaro
76087,Monte Blanco I,Residential,Queretaro
76087,Monte Blanco II,Residential,Queretaro
76087,Monte Blanco III,Residential,Queretaro
76160,Montecarlo,Residential,Queretaro
76100,Murano,Residential,Queretaro
76164,Nacozari,Residential,Queretaro
76121,Nueva Esperanza,Residential,Queretaro
76148,Nueva Esperanza,Residential,Queretaro
76125,Nuevo Horizonte,Residential,Queretaro
76147,Nuevo Menchaca,Residential,Queretaro
76069,Nuevo Morelos,Residential,Queretaro
76148,Nuevo San Pedrito,Residential,Queretaro
76147,Oasis,Residential,Queretaro
76127,Palmas,Residential,Queretaro
76147,Palmas de San José,Residential,Queretaro
76074,Palomar del Duque,Residential,Queretaro
76080,Papanoa,Residential,Queretaro
76118,Paraíso,Residential,Queretaro
76150,Zona Industrial la Montaña,Industrial Zone,Queretaro
76140,Parque Queretaro 2000,Parks and Recreation,Queretaro
76115,Parque Santiago,Residential,Queretaro
76148,Paseos de la Cuesta,Residential,Queretaro
76148,Paseos del Pedregal,Residential,Queretaro
76118,Paseos de San Miguel,Residential,Queretaro
76116,Patria Nueva,Residential,Queretaro
76117,Pedregal de Buenos Aires,Residential,Queretaro
76087,Pedregal del Cimatario,Residential,Queretaro
76113,Plan Santa María,Residential,Queretaro
76169,Plaza Boulevares,,Queretaro
76059,Plaza de las Américas,,Queretaro
76169,Plaza del Parque,,Queretaro
76099,Plazas del Sol 1a Sección,,Queretaro
76099,Plazas del Sol 2a Sección,,Queretaro
76099,Plazas del Sol 3a Sección,,Queretaro
76087,Prados del Cimatario,Residential,Queretaro
76118,Prados de Loma Bonita,Residential,Queretaro
76117,Prados del Rincón,Residential,Queretaro
76116,Prados del Rincón 2a. Sección,Residential,Queretaro
76087,Prados de Queretaro,Residential,Queretaro
76160,Privada Bugambilias,Residential,Queretaro
76100,Privada de los Portones,Residential,Queretaro
76169,Privada la Laborcilla,Residential,Queretaro
76147,Privalia Ambienta,Residential,Queretaro
76177,Provincia Santa Elena,Residential,Queretaro
76125,Proyección 2000,Residential,Queretaro
76148,Puerta de Belén,Residential,Queretaro
76116,Puerta del Sol,Residential,Queretaro
76114,Puerta del Sol II,Residential,Queretaro
76121,Puesta del Sol,Residential,Queretaro
76125,Punta San Carlos,Residential,Queretaro
76179,Quinta Alicia,Residential,Queretaro
76168,Quinta La Laborcilla,Residential,Queretaro
76134,Rancho Bellavista,Residential,Queretaro
76147,Rancho Menchaca,Residential,Queretaro
76147,Rancho Menchaca (Ex-Hacienda Menchaca),Residential,Queretaro
76147,Rancho Quemado,Residential,Queretaro
76144,Rancho San Antonio,Residential,Queretaro
76113,Rancho San Pedro,Residential,Queretaro
76087,Raquel Trejo Ortiz,Residential,Queretaro
76147,Real de España,Residential,Queretaro
76118,Real del Marques Residential,Residential,Queretaro
76159,Real de San Pablo,Residential,Queretaro
76086,Reforma Agraria 1a Sección,Residential,Queretaro
76147,Renacimiento,Residential,Queretaro
76146,Residential el Refugio,Residential,Queretaro
76177,Residential Gema,Residential,Queretaro
76137,Residential las Fuentes,Residential,Queretaro
76160,Residential Parque del Álamo,Residential,Queretaro
76177,Residential Parque La Gloria,Residential,Queretaro
76118,Revolución,Residential,Queretaro
76147,Rinconada de las Joyas,Residential,Queretaro
76118,Rinconada del Cerrito,Residential,Queretaro
76160,Rinconada de los Alamos,Residential,Queretaro
76036,Rinconada Fray Juan,Residential,Queretaro
76100,Rinconada Jurica,Residential,Queretaro
76005,Rinconada Morelos,Residential,Queretaro
76150,Rinconada San José,Residential,Queretaro
76137,Rinconada Santa Anita,Residential,Queretaro
76085,Rincón del Cimatario,Residential,Queretaro
76148,Rincones del Parque,Residential,Queretaro
76125,Rivera y Tamayo,Residential,Queretaro
76116,Rocio Sanz,Residential,Queretaro
76160,Romy,Residential,Queretaro
76087,San Andrés,Residential,Queretaro
76046,San Joaquín,Residential,Queretaro
76159,San Joaquín,Residential,Queretaro
76137,San José 2a Sección,Residential,Queretaro
76150,San José de la Montaña,Residential,Queretaro
76069,San José de los Perales,Residential,Queretaro
76117,San Marcos I,Residential,Queretaro
76118,San Miguel,Residential,Queretaro
76125,San Pablo I FOVISSSTE,Residential Unit,Queretaro
76125,San Pablo II FOVISSSTE,Residential Unit,Queretaro
76121,San Pablo III (INFONAVIT),Residential Unit,Queretaro
76121,San Pablo IV (INFONAVIT),Residential Unit,Queretaro
76140,San Pedrito Peñuelas,Residential,Queretaro
76113,Santa Isabel,Residential,Queretaro
76137,Santa María Magdalena,Residential,Queretaro
76134,Santa Mónica,Residential,Queretaro
76100,Santa Rosa,Residential,Queretaro
76110,Satélite Sección Andadores,Residential,Queretaro
76110,Satélite Sección Condominios,Residential,Queretaro
76150,Sauces,Residential,Queretaro
76116,Sierra Colorada,Residential,Queretaro
76150,Tecnológico 2000,Residential,Queretaro
76069,Tejas,Residential,Queretaro
76116,Tenochtitlán,Residential,Queretaro
76116,Tenochtitlán II,Residential,Queretaro
76113,Tonatiuh,Residential,Queretaro
76113,Tonatiuh 2a. Sección,Residential,Queretaro
76113,Tonatiuh 3a Sección,Residential,Queretaro
76113,Tonatiuh 4a Sección,Residential,Queretaro
76085,Universo 2000,Residential,Queretaro
76138,Valle del Mezquital,Residential,Queretaro
76125,Valle de San Pablo,Residential,Queretaro
76148,Valle de San Pedrito Peñuelas,Residential,Queretaro
76113,Valle de San Pedro,Residential,Queretaro
76113,Valle de San Pedro 2a Sección,Residential,Queretaro
76116,Valle de Santiago,Residential,Queretaro
76100,Valle Garden,Residential,Queretaro
76137,Valle Real de San Ángel,Residential,Queretaro
76147,Valles de San José,Residential,Queretaro
76005,Vicente Guerrero,Residential,Queretaro
76147,Victoria Popular,Residential,Queretaro
76116,Víctor Iturbe,Residential,Queretaro
76024,Villa Los Arcos,Residential,Queretaro
76177,Villa San Antonio,Residential,Queretaro
76087,Villas del Cimatario,Residential,Queretaro
76030,Villas del Refugio,Residential,Queretaro
76147,Villas de San José,Residential,Queretaro
76118,Villas de San Miguel,Residential,Queretaro
76138,Villas de Santa Mónica,Residential,Queretaro
76148,Villas Fontana,Residential,Queretaro
76146,Villas Palmira,Residential,Queretaro
76070,Vista,Residential,Queretaro
76074,Vista Alegre 3a Sección,Residential,Queretaro
76147,Vistana,Residential,Queretaro
76085,Vistas del Cimatario,Residential,Queretaro
76100,Vive,Residential,Queretaro
76155,Viveros de Queretaro,Residential,Queretaro
76115,Volcanes,Residential,Queretaro
76136,Zona Militar,Institutional,Queretaro