Postcode,Neighbourhood,Zoning,Borough,Latitude,Longitude
76000,Santiago de Queretaro Centro,Residential,Queretaro,20.5954708,-100.3970593
76000,Centro,Residential,Queretaro,20.5954708,-100.3970593
76005,Rinc√≥n de San Andres,Residential,Queretaro,20.5954708,-100.3970593
76005,Mariano Escobedo,Residential,Queretaro,20.5954708,-100.3970593
76005,Rinconada Morelos,Residential,Queretaro,20.5954708,-100.3970593
76005,Vicente Guerrero,Residential,Queretaro,20.5954708,-100.3970593
76006,Ciudad de Queretaro,Airport,Queretaro,20.6121194,-100.3850819
76007,Secretaria de Hacienda y Cr√©dito Publico,Institutional,Queretaro,20.6121194,-100.3850819
76008,Centro Sct Queretaro,Residential,Queretaro,20.6121194,-100.3850819
76009,Palacio de Gobierno Del Estado de Queretaro,Institutional,Queretaro,20.6121194,-100.3850819
76010,Las Campanas,Residential,Queretaro,20.5891449,-100.410023
76010,Ni√±os H√©roes,Residential,Queretaro,20.5891449,-100.410023
76017,Circuito Universitario,Residential,Queretaro,20.6121194,-100.3850819
76017,Centro Universitario (U.A.Q.),Institutional,Queretaro,20.6121194,-100.3850819
76020,Pathe,Residential,Queretaro,20.59515797,-100.3801638
76020,Diligencias,Residential,Queretaro,20.59515797,-100.3801638
76020,Calesa,Residential,Queretaro,20.59515797,-100.3801638
76020,El Cortijo,Residential,Queretaro,20.59515797,-100.3801638
76020,Bosques Del Acueducto,Residential,Queretaro,20.59515797,-100.3801638
76020,San Javier,Residential,Queretaro,20.59515797,-100.3801638
76020,Jardines de Queretaro,Residential,Queretaro,20.59515797,-100.3801638
76020,La Cruz,Residential,Queretaro,20.59515797,-100.3801638
76024,El Cortijo II,Residential,Queretaro,20.60100998,-100.3692154
76024,Calesa 2a Secci√≥n,Residential,Queretaro,20.60100998,-100.3692154
76024,Pe√±itas,Residential,Queretaro,20.60100998,-100.3692154
76024,Conjunto Seminario,Residential,Queretaro,20.60100998,-100.3692154
76024,Balcones Del Acueducto,Residential,Queretaro,20.60100998,-100.3692154
76024,Villa Los Arcos,Residential,Queretaro,20.60100998,-100.3692154
76024,Karina,Residential,Queretaro,20.60100998,-100.3692154
76024,Del Rio,Residential,Queretaro,20.60100998,-100.3692154
76024,La Pe√±ita,Residential,Queretaro,20.60100998,-100.3692154
76024,Los Arcos,Residential,Queretaro,20.60100998,-100.3692154
76024,El Oasis,Residential,Queretaro,20.60100998,-100.3692154
76024,Cortijo II,Residential,Queretaro,20.60100998,-100.3692154
76024,Cortijo,Residential,Queretaro,20.60100998,-100.3692154
76025,La Pastora,Residential,Queretaro,20.59299354,-100.3796865
76026,La Cruz,Residential,Queretaro,20.59720276,-100.3868126
76026,Acueducto,Residential,Queretaro,20.59720276,-100.3868126
76026,Goyeneche,Residential,Queretaro,20.59720276,-100.3868126
76027,San Jos√© Inn,Residential,Queretaro,20.59887286,-100.3862714
76027,Arboledas Del Rio,Residential,Queretaro,20.59887286,-100.3862714
76028,Universidad,Residential,Queretaro,20.59880963,-100.387291
76029,Jacarandas,Residential,Queretaro,20.5978089,-100.38977
76030,Cimatario,Residential,Queretaro,20.58019972,-100.3949947
76030,Moderna,Residential,Queretaro,20.58019972,-100.3949947
76030,El Carrizal,Residential,Queretaro,20.58019972,-100.3949947
76030,Casa Blanca,Residential,Queretaro,20.58019972,-100.3949947
76030,Las Fuentes,Residential,Queretaro,20.58019972,-100.3949947
76030,Las Misiones,Residential,Queretaro,20.58019972,-100.3949947
76030,Estrella,Residential,Queretaro,20.58019972,-100.3949947
76030,San Angel,Residential,Queretaro,20.58019972,-100.3949947
76030,Villas del Refugio,Residential,Queretaro,20.58019972,-100.3949947
76036,Rinconada Fray Juan,Residential,Queretaro,20.6121194,-100.3850819
76036,Fray Juan P,Residential,Queretaro,20.6121194,-100.3850819
76037,Mariano de las Casas,Residential,Queretaro,20.5791832,-100.40147
76038,Moderna,Residential Unit,Queretaro,20.5819625,-100.40195
76039,El Prado,Residential,Queretaro,20.6121194,-100.3850819
76040,Observatorio,Residential,Queretaro,20.58360656,-100.3812138
76040,Panamericano,Residential,Queretaro,20.58360656,-100.3812138
76040,Mercurio,Residential,Queretaro,20.58360656,-100.3812138
76040,Valle Alameda,Residential,Queretaro,20.58360656,-100.3812138
76040,Arag√≥n,Residential,Queretaro,20.58360656,-100.3812138
76040,Primavera,Residential,Queretaro,20.58360656,-100.3812138
76040,Andaluc√≠a,Residential,Queretaro,20.58360656,-100.3812138
76040,Villas Del Sur,Residential,Queretaro,20.58360656,-100.3812138
76040,Las Palmas,Residential,Queretaro,20.58360656,-100.3812138
76040,Alameda,Residential,Queretaro,20.58360656,-100.3812138
76040,Andaluc√≠a Secci√≥n Cordova,Residential,Queretaro,20.58360656,-100.3812138
76046,Panor√°mico,Residential,Queretaro,20.58137553,-100.3778012
76046,Villas Del Sol,Residential,Queretaro,20.58137553,-100.3778012
76046,San Joaqu√≠n,Residential,Queretaro,20.58137553,-100.3778012
76046,El Laurel,Residential,Queretaro,20.58137553,-100.3778012
76047,El Marques,Residential,Queretaro,20.58383823,-100.370059
76047,Quintas Del Marques,Residential,Queretaro,20.58383823,-100.370059
76048,Arquitos,Residential,Queretaro,20.57127424,-100.3803718
76049,Loma Bonita,Residential,Queretaro,20.58739,-100.367297
76050,Carretas,Residential,Queretaro,20.59159106,-100.3717159
76057,Hidalgo,Residential,Queretaro,20.58762498,-100.3854119
76058,San Francisquito,Residential,Queretaro,20.58884137,-100.3849723
76059,Plaza de las Am√©ricas,Commercial,Queretaro,20.6121194,-100.3850819
76059,Circuito Comercial N√∫cleo las Am√©ricas,Residential,Queretaro,20.6121194,-100.3850819
76060,Milenio,Residential,Queretaro,20.58771672,-100.3561606
76060,Cumbres del Mirador,Residential,Queretaro,20.58771672,-100.3561606
76060,Vista Dorada,Residential,Queretaro,20.58771672,-100.3561606
76060,Milenio III,Residential,Queretaro,20.58771672,-100.3561606
76060,Milenio 3a. Secci√≥n,Residential,Queretaro,20.58771672,-100.3561606
76060,Loma Dorada,Residential,Queretaro,20.58771672,-100.3561606
76063,Vista Hermosa,Residential,Queretaro,20.6121194,-100.3850819
76063,Cuesta Bonita,Residential,Queretaro,20.6121194,-100.3850819
76063,Pedregal de Vista Hermosa,Residential,Queretaro,20.6121194,-100.3850819
76063,Villas Del Oriente,Residential,Queretaro,20.6121194,-100.3850819
76067,La Laguna,Residential,Queretaro,20.6121194,-100.3850819
76067,Lomas de Carretas,Residential,Queretaro,20.6121194,-100.3850819
76069,La Estaci√≥n 2a. Secci√≥n,Residential,Queretaro,20.60211643,-100.3604551
76069,Tejas,Residential,Queretaro,20.60211643,-100.3604551
76069,Conjunto Bugambilias,Residential,Queretaro,20.60211643,-100.3604551
76069,El Bosque,Residential,Queretaro,20.60211643,-100.3604551
76069,Del Bosque,Residential,Queretaro,20.60211643,-100.3604551
76069,El Limonar,Residential,Queretaro,20.60211643,-100.3604551
76069,La Cuesta,Residential,Queretaro,20.60211643,-100.3604551
76069,Belinda,Residential,Queretaro,20.60211643,-100.3604551
76069,Jardines de H√©rcules,Residential,Queretaro,20.60211643,-100.3604551
76069,Texas,Residential,Queretaro,20.60211643,-100.3604551
76069,Morelos,Residential,Queretaro,20.60211643,-100.3604551
76069,H√©rcules,Residential,Queretaro,20.60211643,-100.3604551
76069,2 de Abril,Residential,Queretaro,20.60211643,-100.3604551
76069,San Jos√© de los Perales,Residential,Queretaro,20.60211643,-100.3604551
76069,8 de Diciembre,Residential,Queretaro,20.60211643,-100.3604551
76069,Nuevo Morelos,Residential,Queretaro,20.60211643,-100.3604551
76069,Estaci√≥n H√©rcules,Residential,Queretaro,20.60211643,-100.3604551
76070,El Retiro,Residential,Queretaro,20.58191375,-100.4098164
76070,Corregidora (Burocrata),Residential,Queretaro,20.58191375,-100.4098164
76070,Habitacional Vista,Residential,Queretaro,20.58191375,-100.4098164
76070,Vista,Residential,Queretaro,20.58191375,-100.4098164
76070,Corregidora,Residential,Queretaro,20.58191375,-100.4098164
76070,Prados Del Mirador,Residential,Queretaro,20.58191375,-100.4098164
76070,Loma Linda,Residential,Queretaro,20.58191375,-100.4098164
76070,Conjunto Terranova,Residential,Queretaro,20.58191375,-100.4098164
76070,Bur√≥crata,Residential,Queretaro,20.58191375,-100.4098164
76074,Vista Alegre 3a Secc,Residential,Queretaro,20.56405397,-100.3768758
76074,Palomar del Duque,Residential,Queretaro,20.56405397,-100.3768758
76074,La Alhambra,Residential,Queretaro,20.56405397,-100.3768758
76074,Vista Alegre 2a Secc,Residential,Queretaro,20.56405397,-100.3768758
76074,Vista Alegre,Residential,Queretaro,20.56405397,-100.3768758
76074,Vista Alegre 3a Secci√≥n,Residential,Queretaro,20.56405397,-100.3768758
76074,Residencial Alambra,Residential,Queretaro,20.56405397,-100.3768758
76074,Vista Alegre Maxei,Residential,Queretaro,20.56405397,-100.3768758
76078,Villas Valle Alameda,Residential,Queretaro,20.6121194,-100.3850819
76079,Balaustradas,Residential,Queretaro,20.5764601, -100.38223
76079,Quinta Balaustradas,Residential,Queretaro,21.5764601, -100.38224
76080,Presidentes,Residential,Queretaro,20.56155833,-100.3984201
76080,Papanoa,Residential,Queretaro,20.56155833,-100.3984201
76080,Mar√≠a Esther Zuno de Echeverr√≠a,Residential,Queretaro,20.56155833,-100.3984201
76080,Lomas de Casa Blanca,Residential,Queretaro,20.56155833,-100.3984201
76080,Lomas de Casablanca,Residential,Queretaro,20.56155833,-100.3984201
76085,Venceremos,Residential,Queretaro,20.5954708,-100.3970593
76085,Fraternidad de Santiago,Residential,Queretaro,20.5954708,-100.3970593
76085,Vistas del Cimatario,Residential,Queretaro,20.5954708,-100.3970593
76085,Universo 2000,Residential,Queretaro,20.5954708,-100.3970593
76085,La Uni√≥n,Residential,Queretaro,20.5954708,-100.3970593
76085,L√°zaro C√°rdenas 3a Secc,Residential,Queretaro,20.5954708,-100.3970593
76085,L√°zaro C√°rdenas III,Residential,Queretaro,20.5954708,-100.3970593
76085,Universo 200,Residential,Queretaro,20.5954708,-100.3970593
76085,Lomas Del Cimatario,Residential,Queretaro,20.5954708,-100.3970593
76085,Rinc√≥n del Cimatario,Residential,Queretaro,20.5954708,-100.3970593
76085,Azteca 1,Residential,Queretaro,20.5954708,-100.3970593
76085,Bosques del Cimatario,Residential,Queretaro,20.5954708,-100.3970593
76085,Arte Mexicano,Residential,Queretaro,20.5954708,-100.3970593
76085,Marques Queretaro,Residential,Queretaro,20.5954708,-100.3970593
76085,Uni√≥n,Residential,Queretaro,20.5954708,-100.3970593
76085,Vistas Del Cimatorio,Residential,Queretaro,20.5954708,-100.3970593
76085,El Marqu√©s Queretano,Residential,Queretaro,20.5954708,-100.3970593
76085,Ejido Casa Blanca,Residential,Queretaro,20.5954708,-100.3970593
76085,Azteca,Residential,Queretaro,20.5954708,-100.3970593
76085,Colinas Del Sur,Residential,Queretaro,20.5954708,-100.3970593
76085,Altos del Cimatario,Residential,Queretaro,20.5954708,-100.3970593
76085,Lomas Del Valle,Residential,Queretaro,20.5954708,-100.3970593
76085,Unidad Social Queretana,Residential,Queretaro,20.5954708,-100.3970593
76086,Los Candiles,Residential,Queretaro,20.54862484,-100.40338
76086,Reforma Agraria,Residential,Queretaro,20.54862484,-100.40338
76086,Reforma Agraria 2a Secc,Residential,Queretaro,20.54862484,-100.40338
76086,Reforma Agraria 3a Secc,Residential,Queretaro,20.54862484,-100.40338
76086,Lomas Del Campestre,Residential,Queretaro,20.54862484,-100.40338
76086,Reforma Agraria 1a Secci√≥n,Residential,Queretaro,20.54862484,-100.40338
76086,Reforma Agraria 4a Secc,Residential,Queretaro,20.54862484,-100.40338
76086,Francisco Villa,Residential,Queretaro,20.54862484,-100.40338
76086,Reforma Agraria 5a Secc,Residential,Queretaro,20.54862484,-100.40338
76087,Bosques de las Lomas,Residential,Queretaro,20.55633775,-100.3768005
76087,Zapata Vive,Residential,Queretaro,20.55633775,-100.3768005
76087,Misi√≥n Cimatario,Residential,Queretaro,20.55633775,-100.3768005
76087,Monte Blanco I,Residential,Queretaro,20.55633775,-100.3768005
76087,Praderas Del Sol,Residential,Queretaro,20.55633775,-100.3768005
76087,Lomas de Pasteur,Residential,Queretaro,20.55633775,-100.3768005
76087,Monte Blanco,Residential,Queretaro,20.55633775,-100.3768005
76087,Campestre Italiana,Residential,Queretaro,20.55633775,-100.3768005
76087,Manantiales del Cimatario,Residential,Queretaro,20.55633775,-100.3768005
76087,Unidad Roma,Residential,Queretaro,20.55633775,-100.3768005
76087,Vista Azul,Residential,Queretaro,20.55633775,-100.3768005
76087,Comerciantes,Residential,Queretaro,20.55633775,-100.3768005
76087,Los Comerciantes,Residential,Queretaro,20.55633775,-100.3768005
76087,Villas Del Rinc√≥n,Residential,Queretaro,20.55633775,-100.3768005
76087,Jardines del Cimatario,Residential,Queretaro,20.55633775,-100.3768005
76087,Huertas del Cimatario,Residential,Queretaro,20.55633775,-100.3768005
76087,L√°zaro C√°rdenas,Residential,Queretaro,20.55633775,-100.3768005
76087,Bosques del Cimatario 2a. Secci√≥n,Residential,Queretaro,20.55633775,-100.3768005
76087,Monte Blanco II,Residential,Queretaro,20.55633775,-100.3768005
76087,Linderos del Cimatario,Residential,Queretaro,20.55633775,-100.3768005
76087,Monte Blanco III,Residential,Queretaro,20.55633775,-100.3768005
76087,Villas del Cimatario,Residential,Queretaro,20.55633775,-100.3768005
76087,Bosques de Queretaro,Residential,Queretaro,20.55633775,-100.3768005
76087,Bosques Del Cimatorio,Residential,Queretaro,20.55633775,-100.3768005
76087,Prados del Cimatario,Residential,Queretaro,20.55633775,-100.3768005
76087,Prados de Queretaro,Residential,Queretaro,20.55633775,-100.3768005
76087,Raquel Trejo Ortiz,Residential,Queretaro,20.55633775,-100.3768005
76087,Constelaci√≥n,Residential,Queretaro,20.55633775,-100.3768005
76087,San Andr√©s,Residential,Queretaro,20.55633775,-100.3768005
76087,Cuitlahuac,Residential,Queretaro,20.55633775,-100.3768005
76087,Pedregal del Cimatario,Residential,Queretaro,20.55633775,-100.3768005
76089,Benito Ju√°rez,Residential,Queretaro,20.6262225,-100.43992
76090,Dependencias,Residential,Queretaro,20.56619807,-100.3696934
76090,Centro Sur,Residential,Queretaro,20.56619807,-100.3696934
76090,Colinas Del Cimatario,Residential,Queretaro,20.56619807,-100.3696934
76090,Vista Alegre,Residential,Queretaro,20.56619807,-100.3696934
76093,Claustros de la Catedral,Residential,Queretaro,20.6121194,-100.3850819
76093,Claustros de la Corregidora 2,Residential,Queretaro,20.6121194,-100.3850819
76093,Claustros de la Corregidora I,Residential,Queretaro,20.6121194,-100.3850819
76093,Claustros de las Misiones,Residential,Queretaro,20.6121194,-100.3850819
76093,Claustros del Marques,Residential,Queretaro,20.6121194,-100.3850819
76093,Claustros de Santiago,Residential,Queretaro,20.6121194,-100.3850819
76093,Claustros de Corregidora II,Residential,Queretaro,20.6121194,-100.3850819
76093,√Ångeles,Residential,Queretaro,20.6121194,-100.3850819
76093,Ex Hacienda Carreteras,Residential,Queretaro,20.6121194,-100.3850819
76093,Claustros del Sur,Residential,Queretaro,20.6121194,-100.3850819
76095,Cumbres Del Cimatario,Residential,Queretaro,,
76099,Plaza Del Sol 3a Secci√≥n,Residential,Queretaro,20.57547898,-100.3739679
76099,Plazas del Sol 2a Secci√≥n,Residential,Queretaro,20.57547898,-100.3739679
76099,Plazas del Sol 3a Secci√≥n,Residential,Queretaro,20.57547898,-100.3739679
76099,Plaza Del Sol 2a Secci√≥n,Residential,Queretaro,20.57547898,-100.3739679
76099,Plazas del Sol 1a Secci√≥n,Residential,Queretaro,20.57547898,-100.3739679
76099,Plaza Del Sol,Residential,Queretaro,20.57547898,-100.3739679
76100,Hacienda Santa Rosa,Residential,Queretaro,20.67853045,-100.4503911
76100,Valle Garden,Residential,Queretaro,20.67853045,-100.4503911
76100,Jurica,Residential,Queretaro,20.67853045,-100.4503911
76100,Jurica Pinar,Residential,Queretaro,20.67853045,-100.4503911
76100,Santa Rosa,Residential,Queretaro,20.67853045,-100.4503911
76100,La Campana,Residential,Queretaro,20.67853045,-100.4503911
76100,Privada de los Portones,Residential,Queretaro,20.67853045,-100.4503911
76100,La Castellana,Residential,Queretaro,20.67853045,-100.4503911
76100,Murano,Residential,Queretaro,20.67853045,-100.4503911
76100,El Destino,Residential,Queretaro,20.67853045,-100.4503911
76100,Rinconada Jurica,Residential,Queretaro,20.67853045,-100.4503911
76100,Jurica,Residential,Queretaro,20.67853045,-100.4503911
76100,Atenas,Residential,Queretaro,20.67853045,-100.4503911
76100,Dolce Terra,Residential,Queretaro,20.67853045,-100.4503911
76100,Bleu Casas Platina,Residential,Queretaro,20.67853045,-100.4503911
76100,Vive,Residential,Queretaro,20.67853045,-100.4503911
76100,Gobernantes,Residential,Queretaro,20.67853045,-100.4503911
76110,Cosmos,Residential,Queretaro,20.6121194,-100.3850819
76110,Sat√©lite,Residential,Queretaro,20.6121194,-100.3850819
76110,Josefa Ortiz de Dom√≠nguez III,Residential,Queretaro,20.6121194,-100.3850819
76110,Josefa Ortiz de Dom√≠nguez II,Residential,Queretaro,20.6121194,-100.3850819
76110,Sat√©lite Secci√≥n Andadores,Residential,Queretaro,20.6121194,-100.3850819
76110,Cosmos (Satelite),Residential,Queretaro,20.6121194,-100.3850819
76110,Lomas de Sat√©lite,Residential,Queretaro,20.6121194,-100.3850819
76110,Josefa Ortiz de Dominguez,Residential,Queretaro,20.6121194,-100.3850819
76110,Ampliaci√≥n Sat√©lite,Residential,Queretaro,20.6121194,-100.3850819
76110,Sat√©lite Secci√≥n Condominios,Residential,Queretaro,20.6121194,-100.3850819
76112,Fovissste,Residential Unit,Queretaro,20.6121194,-100.3850819
76113,Tonatiuh 4a Secci√≥n,Residential,Queretaro,20.61465416,-100.4538908
76113,Bosques Del Sol,Residential,Queretaro,20.61465416,-100.4538908
76113,Rinconada Del Sol,Residential,Queretaro,20.61465416,-100.4538908
76113,Los Framboyanes,Residential,Queretaro,20.61465416,-100.4538908
76113,Valle de San Pedro 2a Secci√≥n,Residential,Queretaro,20.61465416,-100.4538908
76113,Tonatiuh 3a Secci√≥n,Residential,Queretaro,20.61465416,-100.4538908
76113,La Loma,Residential,Queretaro,20.61465416,-100.4538908
76113,El Sol Residential,Residential,Queretaro,20.61465416,-100.4538908
76113,La Luna,Residential,Queretaro,20.61465416,-100.4538908
76113,Tonatiuh 2a. Secci√≥n,Residential,Queretaro,20.61465416,-100.4538908
76113,Tonatiuh,Residential,Queretaro,20.61465416,-100.4538908
76113,Santa Isabel,Residential,Queretaro,20.61465416,-100.4538908
76113,Rancho San Pedro,Residential,Queretaro,20.61465416,-100.4538908
76113,Plan Santa Mar√≠a,Residential,Queretaro,20.61465416,-100.4538908
76113,Alborada,Residential,Queretaro,20.61465416,-100.4538908
76113,El Arc√°ngel,Residential,Queretaro,20.61465416,-100.4538908
76113,Valle de San Pedro,Residential,Queretaro,20.61465416,-100.4538908
76113,El Sol,Residential,Queretaro,20.61465416,-100.4538908
76114,El Rocio II,Residential,Queretaro,20.61434017,-100.4383958
76114,Lomas del Carmen,Residential,Queretaro,20.61434017,-100.4383958
76114,Puerta del Sol II,Residential,Queretaro,20.61434017,-100.4383958
76114,Puertas Del Sol,Residential,Queretaro,20.61434017,-100.4383958
76114,Los Sauces,Residential,Queretaro,20.61434017,-100.4383958
76114,El Rocio,Residential,Queretaro,20.61434017,-100.4383958
76114,Los Casta√±os,Residential,Queretaro,20.61434017,-100.4383958
76114,Sendero,Commercial,Queretaro,20.61434017,-100.4383958
76114,Don Manuel,Residential,Queretaro,20.61434017,-100.4383958
76114,La Huerta,Residential,Queretaro,20.61434017,-100.4383958
76115,El Garambullo,Residential,Queretaro,20.62864062,-100.4550424
76115,Parque Santiago,Residential,Queretaro,20.62864062,-100.4550424
76115,Sat√©lite Fovissste,Residential,Queretaro,20.62864062,-100.4550424
76115,Volcanes,Residential,Queretaro,20.62864062,-100.4550424
76116,Bugambilias Residential,Residential,Queretaro,20.64267953,-100.4729333
76116,25 de Diciembre,Residential,Queretaro,20.64267953,-100.4729333
76116,Vistas Del Valle,Residential,Queretaro,20.64267953,-100.4729333
76116,Misi√≥n de Carrillo,Residential,Queretaro,20.64267953,-100.4729333
76116,Los Manzanos,Residential,Queretaro,20.64267953,-100.4729333
76116,Geo Plazas,Residential,Queretaro,20.64267953,-100.4729333
76116,Cerrito Colorado 2a Secc,Residential,Queretaro,20.64267953,-100.4729333
76116,Che Guevara (Axayacatl),Residential,Queretaro,20.64267953,-100.4729333
76116,Tenochtitl√°n,Residential,Queretaro,20.64267953,-100.4729333
76116,Claustros de la Loma,Residential,Queretaro,20.64267953,-100.4729333
76116,Chula Vista II,Residential,Queretaro,20.64267953,-100.4729333
76116,Miguel Hidalgo,Residential,Queretaro,20.64267953,-100.4729333
76116,Ciudad del Sol,Residential,Queretaro,20.64267953,-100.4729333
76116,Ampliaci√≥n Patria Nueva,Residential,Queretaro,20.64267953,-100.4729333
76116,Sierra Colorada,Residential,Queretaro,20.64267953,-100.4729333
76116,Privadas Del Cerrito Colorado,Residential,Queretaro,20.64267953,-100.4729333
76116,Condominio La Cordillera,Residential,Queretaro,20.64267953,-100.4729333
76116,Tenochtitl√°n II,Residential,Queretaro,20.64267953,-100.4729333
76116,Misi√≥n de Carrillo II,Residential,Queretaro,20.64267953,-100.4729333
76116,Chula Vista I,Residential,Queretaro,20.64267953,-100.4729333
76116,Rocio Sanz,Residential,Queretaro,20.64267953,-100.4729333
76116,Puerta del Sol,Residential,Queretaro,20.64267953,-100.4729333
76116,Cerrito Colorado,Residential,Queretaro,20.64267953,-100.4729333
76116,Las Azucenas,Residential,Queretaro,20.64267953,-100.4729333
76116,La Floresta,Residential,Queretaro,20.64267953,-100.4729333
76116,Teotihuacan,Residential,Queretaro,20.64267953,-100.4729333
76116,Josefa Ortiz de Dom√≠nguez IV,Residential,Queretaro,20.64267953,-100.4729333
76116,Las Camelinas,Residential,Queretaro,20.64267953,-100.4729333
76116,La Pe√±a,Residential,Queretaro,20.64267953,-100.4729333
76116,V√≠ctor Iturbe,Residential,Queretaro,20.64267953,-100.4729333
76116,Jardines de Azucenas,Residential,Queretaro,20.64267953,-100.4729333
76116,Geo Villas,Residential,Queretaro,20.64267953,-100.4729333
76116,Prados del Rinc√≥n 2a. Secci√≥n,Residential,Queretaro,20.64267953,-100.4729333
76116,Patria Nueva,Residential,Queretaro,20.64267953,-100.4729333
76116,Lomas de San √Ångel,Residential,Queretaro,20.64267953,-100.4729333
76116,Valle de Santiago,Residential,Queretaro,20.64267953,-100.4729333
76116,Loma Bonita 2a Secci√≥n,Residential,Queretaro,20.64267953,-100.4729333
76116,Puestas Del Sol,Residential,Queretaro,20.64267953,-100.4729333
76116,Querena,Residential,Queretaro,20.64267953,-100.4729333
76116,Bugambilias,Residential,Queretaro,20.64267953,-100.4729333
76116,Loma Real,Residential,Queretaro,20.64267953,-100.4729333
76116,La Cordillera,Residential,Queretaro,20.64267953,-100.4729333
76116,Colinas Del Poniente,Residential,Queretaro,20.64267953,-100.4729333
76116,Ex-Hacienda Santana,Residential,Queretaro,20.64267953,-100.4729333
76116,Los Encinos,Residential,Queretaro,20.64267953,-100.4729333
76116,Loma IX,Residential,Queretaro,20.64267953,-100.4729333
76116,Villas de Guadalupe,Residential,Queretaro,20.64267953,-100.4729333
76116,Exhacienda Santana,Residential,Queretaro,20.64267953,-100.4729333
76116,Eucaliptos,Residential,Queretaro,20.64267953,-100.4729333
76117,Colinas de Santa Cruz 1a Secci√≥n,Residential,Queretaro,20.6121194,-100.3850819
76117,Pedregal de Buenos Aires,Residential,Queretaro,20.6121194,-100.3850819
76117,Colinas de Santa Cruz 2a Secci√≥n,Residential,Queretaro,20.6121194,-100.3850819
76117,San Marcos,Residential,Queretaro,20.6121194,-100.3850819
76117,La Esmeralda,Residential,Queretaro,20.6121194,-100.3850819
76117,San Marcos I,Residential,Queretaro,20.6121194,-100.3850819
76117,San Pedro M√°rtir,Residential,Queretaro,20.6121194,-100.3850819
76117,Centenario,Residential,Queretaro,20.6121194,-100.3850819
76117,Jardines del Sol,Residential,Queretaro,20.6121194,-100.3850819
76117,Insurgentes,Residential,Queretaro,20.6121194,-100.3850819
76117,Misi√≥n Fundadores,Residential,Queretaro,20.6121194,-100.3850819
76117,Comevi,Residential,Queretaro,20.6121194,-100.3850819
76117,Laderas de San Pedro,Residential,Queretaro,20.6121194,-100.3850819
76117,Fernando de Tapia,Residential,Queretaro,20.6121194,-100.3850819
76117,Francisco Javier Mina,Residential,Queretaro,20.6121194,-100.3850819
76117,Fundadores,Residential,Queretaro,20.6121194,-100.3850819
76117,Desarrollo Familiar,Residential,Queretaro,20.6121194,-100.3850819
76117,Los Fundadores,Residential,Queretaro,20.6121194,-100.3850819
76117,Ruben Jaramillo,Residential,Queretaro,20.6121194,-100.3850819
76117,Prados del Rinc√≥n,Residential,Queretaro,20.6121194,-100.3850819
76118,Independencia,Residential,Queretaro,20.65090622,-100.4717662
76118,Altos Del Marques,Residential,Queretaro,20.65090622,-100.4717662
76118,5 de Febrero,Residential,Queretaro,20.65090622,-100.4717662
76118,Cerrito Colorado VII,Residential,Queretaro,20.65090622,-100.4717662
76118,Cerrito Colorado VI,Residential,Queretaro,20.65090622,-100.4717662
76118,Cerrito Colorado V,Residential,Queretaro,20.65090622,-100.4717662
76118,Cerrito Colorado IV,Residential,Queretaro,20.65090622,-100.4717662
76118,Rosendo Salazar,Residential,Queretaro,20.65090622,-100.4717662
76118,15 de Mayo,Residential,Queretaro,20.65090622,-100.4717662
76118,Cerrito Colorado III,Residential,Queretaro,20.65090622,-100.4717662
76118,Villas de San Miguel,Residential,Queretaro,20.65090622,-100.4717662
76118,10 de Abril,Residential,Queretaro,20.65090622,-100.4717662
76118,Libertadores de Am√©rica,Residential,Queretaro,20.65090622,-100.4717662
76118,Francisco Villa II,Residential,Queretaro,20.65090622,-100.4717662
76118,Para√≠so,Residential,Queretaro,20.65090622,-100.4717662
76118,Prados de Loma Bonita,Residential,Queretaro,20.65090622,-100.4717662
76118,Rinconada del Cerrito,Residential,Queretaro,20.65090622,-100.4717662
76118,Luis Donaldo Colosio,Residential,Queretaro,20.65090622,-100.4717662
76118,Revoluci√≥n,Residential,Queretaro,20.65090622,-100.4717662
76118,Leyes de Reforma,Residential,Queretaro,20.65090622,-100.4717662
76118,Libertadores,Residential,Queretaro,20.65090622,-100.4717662
76118,Morelos,Residential,Queretaro,20.65090622,-100.4717662
76118,El Romerillal,Residential,Queretaro,20.65090622,-100.4717662
76118,El Tepeyac,Residential,Queretaro,20.65090622,-100.4717662
76118,Loma Bonita 2a. Secci√≥n,Residential,Queretaro,20.65090622,-100.4717662
76118,Real del Marques Residential,Residential,Queretaro,20.65090622,-100.4717662
76118,Paseos de San Miguel,Residential,Queretaro,20.65090622,-100.4717662
76118,Jardines de Jurica,Residential,Queretaro,20.65090622,-100.4717662
76118,Loma Bonita Norte,Residential,Queretaro,20.65090622,-100.4717662
76118,Lomas del Pedregal 2a. Secci√≥n,Residential,Queretaro,20.65090622,-100.4717662
76118,Eduardo Loarca,Residential,Queretaro,20.65090622,-100.4717662
76118,San Miguel,Residential,Queretaro,20.65090622,-100.4717662
76120,Benito Ju√°rez,Industrial Zone,Queretaro,20.63325831,-100.4322313
76121,Tlanese,Residential,Queretaro,20.62704317,-100.41322
76121,Puesta del Sol,Residential,Queretaro,20.62704317,-100.41322
76121,San Pablo III (INFONAVIT),Residential Unit,Queretaro,20.62704317,-100.41322
76121,Las Am√©ricas,Residential,Queretaro,20.62704317,-100.41322
76121,Felipe √Ångeles,Residential,Queretaro,20.62704317,-100.41322
76121,La Esperanza,Residential,Queretaro,20.62704317,-100.41322
76121,Las Am√©ricas San Pablo,Residential,Queretaro,20.62704317,-100.41322
76121,San Pablo IV (INFONAVIT),Residential Unit,Queretaro,20.62704317,-100.41322
76121,Movimiento Obrero,Residential,Queretaro,20.62704317,-100.41322
76121,Altos de San Pablo,Residential,Queretaro,20.62704317,-100.41322
76121,San Pablo IV,Residential,Queretaro,20.62704317,-100.41322
76121,San Pablo III,Residential,Queretaro,20.62704317,-100.41322
76121,Conquistadores,Residential,Queretaro,20.62704317,-100.41322
76121,Nueva Esperanza,Residential,Queretaro,20.62704317,-100.41322
76121,Las Am√©ricas,Ampliacion,Queretaro,20.62704317,-100.41322
76122,Francisco Villa I,Residential,Queretaro,20.6121194,-100.3850819
76125,Bellavista,Residential,Queretaro,20.6324001,-100.4113277
76125,Jos√© Mar√≠a Bustamante,Residential,Queretaro,20.6324001,-100.4113277
76125,Rinconada Del Pacifico,Residential,Queretaro,20.6324001,-100.4113277
76125,Terrazas de San Pablo,Residential,Queretaro,20.6324001,-100.4113277
76125,Sergio Villase√±or,Residential,Queretaro,20.6324001,-100.4113277
76125,La Condesa,Residential,Queretaro,20.6324001,-100.4113277
76125,Latinoamericana,Residential,Queretaro,20.6324001,-100.4113277
76125,San Pablo II,Residential,Queretaro,20.6324001,-100.4113277
76125,San Pablo I,Residential,Queretaro,20.6324001,-100.4113277
76125,Jardines de Alborada,Residential,Queretaro,20.6324001,-100.4113277
76125,Valle de San Pablo,Residential,Queretaro,20.6324001,-100.4113277
76125,Lomas de San Pedrito,Residential,Queretaro,20.6324001,-100.4113277
76125,Nuevo Horizonte,Residential,Queretaro,20.6324001,-100.4113277
76125,Desarrollo San Pablo I,Residential,Queretaro,20.6324001,-100.4113277
76125,Desarrollo San Pablo II,Residential,Queretaro,20.6324001,-100.4113277
76125,Rivera y Tamayo,Residential,Queretaro,20.6324001,-100.4113277
76125,Los Robles,Residential,Queretaro,20.6324001,-100.4113277
76125,Desarrollo San √Ångel,Residential,Queretaro,20.6324001,-100.4113277
76125,Cipreses,Residential,Queretaro,20.6324001,-100.4113277
76125,Desarrollo San Pablo,Residential,Queretaro,20.6324001,-100.4113277
76125,Misi√≥n Bucareli,Residential,Queretaro,20.6324001,-100.4113277
76125,San Pablo II FOVISSSTE,Residential Unit,Queretaro,20.6324001,-100.4113277
76125,Balcones de San Pablo,Residential,Queretaro,20.6324001,-100.4113277
76125,Punta San Carlos,Residential,Queretaro,20.6324001,-100.4113277
76125,Lomas de San Pablo,Residential,Queretaro,20.6324001,-100.4113277
76125,San Pablo I FOVISSSTE,Residential Unit,Queretaro,20.6324001,-100.4113277
76125,Proyecci√≥n 2000,Residential,Queretaro,20.6324001,-100.4113277
76127,Cuitlahuac,Residential,Queretaro,20.6580855,-100.4267226
76127,J√©rica,Industrial Zone,Queretaro,20.6580855,-100.4267226
76127,Palmas,Residential,Queretaro,20.6580855,-100.4267226
76127,Palmares,Residential,Queretaro,20.6580855,-100.4267226
76127,Lomas del Salitre,Residential,Queretaro,20.6580855,-100.4267226
76127,Raquet Club,Residential,Queretaro,20.6580855,-100.4267226
76127,El Salitre,Residential,Queretaro,20.6580855,-100.4267226
76130,Industrial,Residential,Queretaro,20.6177705,-100.4043864
76130,Obrera,Residential,Queretaro,20.6177705,-100.4043864
76131,Residencial Italia,Residential,Queretaro,20.6121194,-100.3850819
76134,El Arco,Residential,Queretaro,20.6078977,-100.4396002
76134,Rancho Bellavista,Residential,Queretaro,20.6078977,-100.4396002
76134,Nuevo Carrillo,Residential,Queretaro,20.6078977,-100.4396002
76134,El Mirador,Residential,Queretaro,20.6078977,-100.4396002
76134,El Tintero,Residential,Queretaro,20.6078977,-100.4396002
76134,Plutarco Elias Calles,Residential,Queretaro,20.6078977,-100.4396002
76134,Exhacienda El Tintero,Residential,Queretaro,20.6078977,-100.4396002
76134,Santa M√≥nica,Residential,Queretaro,20.6078977,-100.4396002
76134,Ampolletas,Residential,Queretaro,20.6078977,-100.4396002
76134,Solidaridad 90,Residential,Queretaro,20.6078977,-100.4396002
76134,Ex-Hacienda El Tintero,Residential,Queretaro,20.6078977,-100.4396002
76135,San Antonio de La Punta,Residential,Queretaro,20.6121194,-100.3850819
76135,San Antonio de La Huerta,Residential,Queretaro,20.6121194,-100.3850819
76136,Zona Militar,Institutional,Queretaro,20.6121194,-100.3850819
76136,Militar,Residential,Queretaro,20.6121194,-100.3850819
76136,Jos√© Mar√≠a Arteaga,Residential,Queretaro,20.6121194,-100.3850819
76137,Santa Mar√≠a,Residential,Queretaro,20.6121194,-100.3850819
76137,Huertas La Joya,Residential,Queretaro,20.6121194,-100.3850819
76137,Fuentes,Residential,Queretaro,20.6121194,-100.3850819
76137,Santo Ni√±o,Residential,Queretaro,20.6121194,-100.3850819
76137,Ferrocarrileros,Residential,Queretaro,20.6121194,-100.3850819
76137,El Chamizal,Residential,Queretaro,20.6121194,-100.3850819
76137,San Antonio Del Maurel,Residential,Queretaro,20.6121194,-100.3850819
76137,Jardines Del Valle,Residential,Queretaro,20.6121194,-100.3850819
76137,Jos√© Mar√≠a Arteaga,Residential Unit,Queretaro,20.6121194,-100.3850819
76137,San Jos√© 2a Secci√≥n,Residential,Queretaro,20.6121194,-100.3850819
76137,Las Teresitas B,Residential,Queretaro,20.6121194,-100.3850819
76137,Santa Mar√≠a Magdalena,Residential,Queretaro,20.6121194,-100.3850819
76137,Aurora,Residential,Queretaro,20.6121194,-100.3850819
76137,Residential las Fuentes,Residential,Queretaro,20.6121194,-100.3850819
76137,La Aurora,Residential,Queretaro,20.6121194,-100.3850819
76137,Valle Real de San √Ångel,Residential,Queretaro,20.6121194,-100.3850819
76137,Las Flores,Residential,Queretaro,20.6121194,-100.3850819
76137,La Sierrita,Residential,Queretaro,20.6121194,-100.3850819
76137,Ferrocarriles Secci√≥n Rinconada Santa Anita,Residential,Queretaro,20.6121194,-100.3850819
76137,Rinconada Santa Anita,Residential,Queretaro,20.6121194,-100.3850819
76138,Luis Donaldo Colosio,Residential,Queretaro,20.63576113,-100.4043661
76138,Felipe Carrillo Puerto,Residential,Queretaro,20.63576113,-100.4043661
76138,Rinconada Zimapan,Residential,Queretaro,20.63576113,-100.4043661
76138,Progreso,Residential,Queretaro,20.63576113,-100.4043661
76138,Santa M√≥nica 2a Secc,Residential,Queretaro,20.63576113,-100.4043661
76138,Santa M√≥nica 1a Secci√≥n,Residential,Queretaro,20.63576113,-100.4043661
76138,Valle del Mezquital,Residential,Queretaro,20.63576113,-100.4043661
76138,Las Teresas,Residential,Queretaro,20.63576113,-100.4043661
76138,El Higo,Residential,Queretaro,20.63576113,-100.4043661
76138,El Progreso,Residential,Queretaro,20.63576113,-100.4043661
76138,Villas de Santa M√≥nica,Residential,Queretaro,20.63576113,-100.4043661
76139,San Jos√©,Residential,Queretaro,20.6121194,-100.3850819
76139,Las Josefinas,Residential,Queretaro,20.6121194,-100.3850819
76139,Carrillo,Residential,Queretaro,20.6121194,-100.3850819
76139,Los Tabachines,Residential,Queretaro,20.6121194,-100.3850819
76139,La Higuera,Residential,Queretaro,20.6121194,-100.3850819
76139,San Diego,Residential,Queretaro,20.6121194,-100.3850819
76139,Manuel Jurado,Residential,Queretaro,20.6121194,-100.3850819
76139,Industrial Carrillo Puerto,Residential,Queretaro,20.6121194,-100.3850819
76139,Los Laureles,Residential,Queretaro,20.6121194,-100.3850819
76140,Parque Queretaro 2000,Parks and Recreation,Queretaro,20.61526948,-100.3845081
76140,Cedros Alcatraces,Residential,Queretaro,20.61526948,-100.3845081
76140,Altos del Marqu√©s 1 y 2 Etapa,Residential,Queretaro,20.61526948,-100.3845081
76140,Viveros Residential,Residential,Queretaro,20.61526948,-100.3845081
76140,Privada Arboledas,Residential,Queretaro,20.61526948,-100.3845081
76140,Vista 2000,Residential,Queretaro,20.61526948,-100.3845081
76140,Villas Del Parque,Residential,Queretaro,20.61526948,-100.3845081
76140,Altos Del Marques,Residential,Queretaro,20.61526948,-100.3845081
76140,Cedros Tilipanes,Residential,Queretaro,20.61526948,-100.3845081
76140,Arboledas Del Parque,Residential,Queretaro,20.61526948,-100.3845081
76140,Balcones Residentialles,Residential,Queretaro,20.61526948,-100.3845081
76140,San Pedrito Pe√±uelas,Residential,Queretaro,20.61526948,-100.3845081
76140,Arboledas,Residential,Queretaro,20.61526948,-100.3845081
76140,Colinas Del Parque,Residential,Queretaro,20.61526948,-100.3845081
76144,San Antonio,Residential Unit,Queretaro,20.61467266,-100.3739925
76144,Puerta del Cielo,Residential,Queretaro,20.61467266,-100.3739925
76144,Anexo Ejido Bola√±os,Residential,Queretaro,20.61467266,-100.3739925
76144,Balcones,Residential,Queretaro,20.61467266,-100.3739925
76144,Bola√±os,Residential,Queretaro,20.61467266,-100.3739925
76144,Rancho San Antonio,Residential,Queretaro,20.61467266,-100.3739925
76144,Pedregal de Queretaro,Residential,Queretaro,20.61467266,-100.3739925
76144,El Pedregal de Queretaro,Residential,Queretaro,20.61467266,-100.3739925
76146,La Vista Residential,Residential,Queretaro,20.5954708,-100.3970593
76146,El Campanario,Residential,Queretaro,20.5954708,-100.3970593
76146,Miradores,Residential,Queretaro,20.5954708,-100.3970593
76146,Lomas del Campanario II,Residential,Queretaro,20.5954708,-100.3970593
76146,Mirador Del Marques,Residential,Queretaro,20.5954708,-100.3970593
76146,Lomas Del Marques,Residential,Queretaro,20.5954708,-100.3970593
76146,Residential el Refugio,Residential,Queretaro,20.5954708,-100.3970593
76146,Rancho Nuevo,Residential,Queretaro,20.5954708,-100.3970593
76146,La Pur√≠sima,Residential,Queretaro,20.5954708,-100.3970593
76146,Lomas del Campanario III,Residential,Queretaro,20.5954708,-100.3970593
76146,Villas Palmira,Residential,Queretaro,20.5954708,-100.3970593
76147,Fray Jun√≠pero Serra,Residential,Queretaro,20.5954708,-100.3970593
76147,Los Arroyitos,Residential,Queretaro,20.5954708,-100.3970593
76147,Los Huertos,Residential,Queretaro,20.5954708,-100.3970593
76147,Exhacienda Menchaca,Residential,Queretaro,20.5954708,-100.3970593
76147,Colinas de Menchaca,Residential,Queretaro,20.5954708,-100.3970593
76147,Menchaca III,Residential,Queretaro,20.5954708,-100.3970593
76147,Menchaca II,Residential,Queretaro,20.5954708,-100.3970593
76147,Mujeres Independientes,Residential,Queretaro,20.5954708,-100.3970593
76147,Libertadores de Am√©rica,Residential,Queretaro,20.5954708,-100.3970593
76147,Generaci√≥n 2000,Residential,Queretaro,20.5954708,-100.3970593
76147,San Felipe,Residential,Queretaro,20.5954708,-100.3970593
76147,Ejido Menchaca (Los Pinos),Residential,Queretaro,20.5954708,-100.3970593
76147,Independencia,Residential,Queretaro,20.5954708,-100.3970593
76147,Diana Laura Rojas,Residential,Queretaro,20.5954708,-100.3970593
76147,Santa Fe,Residential,Queretaro,20.5954708,-100.3970593
76147,Los Pinos,Residential,Queretaro,20.5954708,-100.3970593
76147,Halcones,Residential,Queretaro,20.5954708,-100.3970593
76147,Buenos Aires,Residential,Queretaro,20.5954708,-100.3970593
76147,Menchaca I,Residential,Queretaro,20.5954708,-100.3970593
76147,Constituyentes,Residential,Queretaro,20.5954708,-100.3970593
76147,Enrique Burgos (La Rinconada),Residential,Queretaro,20.5954708,-100.3970593
76147,Colinas de Menchaca 2a Secci√≥n,Residential,Queretaro,20.5954708,-100.3970593
76147,Oasis,Residential,Queretaro,20.5954708,-100.3970593
76147,Nueva Creaci√≥n,Residential,Queretaro,20.5954708,-100.3970593
76147,Palmas de San Jos√©,Residential,Queretaro,20.5954708,-100.3970593
76147,Epigmenio Gonz√°lez (El Oasis),Residential,Queretaro,20.5954708,-100.3970593
76147,Cinco Halcones,Residential,Queretaro,20.5954708,-100.3970593
76147,Nuevo Menchaca,Residential,Queretaro,20.5954708,-100.3970593
76147,Monarca,Residential,Queretaro,20.5954708,-100.3970593
76147,El Arc√°ngel (La Guayina),Residential,Queretaro,20.5954708,-100.3970593
76147,Jardines de San Jos√© 3a. Secci√≥n,Residential,Queretaro,20.5954708,-100.3970593
76147,Valles de San Jos√©,Residential,Queretaro,20.5954708,-100.3970593
76147,Constituyentes Del Parque,Residential,Queretaro,20.5954708,-100.3970593
76147,San Jos√© El Alto,Residential,Queretaro,20.5954708,-100.3970593
76147,Diana Laura,Residential,Queretaro,20.5954708,-100.3970593
76147,La Tinaja,Residential,Queretaro,20.5954708,-100.3970593
76147,Rinconada de las Joyas,Residential,Queretaro,20.5954708,-100.3970593
76147,Renacimiento,Residential,Queretaro,20.5954708,-100.3970593
76147,Real de Espa√±a,Residential,Queretaro,20.5954708,-100.3970593
76147,Villas de San Jos√©,Residential,Queretaro,20.5954708,-100.3970593
76147,Constituyentes 2a Residential,Residential,Queretaro,20.5954708,-100.3970593
76147,Jardines de San Jos√© 2a. Secci√≥n,Residential,Queretaro,20.5954708,-100.3970593
76147,12 de Diciembre,Residential,Queretaro,20.5954708,-100.3970593
76147,Jardines de San Jos√©,Residential,Queretaro,20.5954708,-100.3970593
76147,Rancho Quemado,Residential,Queretaro,20.5954708,-100.3970593
76147,Vistana,Residential,Queretaro,20.5954708,-100.3970593
76147,Rancho Menchaca (Ex-Hacienda Menchaca),Residential,Queretaro,20.5954708,-100.3970593
76147,Privalia Ambienta,Residential,Queretaro,20.5954708,-100.3970593
76147,Lomas de San Jos√©,Residential,Queretaro,20.5954708,-100.3970593
76147,Lomas de Mechaca,Residential,Queretaro,20.5954708,-100.3970593
76147,Antorchista,Residential,Queretaro,20.5954708,-100.3970593
76147,Real Espa√±a,Residential,Queretaro,20.5954708,-100.3970593
76147,Cuauht√©moc,Residential,Queretaro,20.5954708,-100.3970593
76147,Ignacio P√©rez,Residential,Queretaro,20.5954708,-100.3970593
76147,Rancho Menchaca,Residential,Queretaro,20.5954708,-100.3970593
76147,Las Fuentes,Residential,Queretaro,20.5954708,-100.3970593
76147,Victoria A Popular,Residential,Queretaro,20.5954708,-100.3970593
76147,La Ladera (Menchaca III),Residential,Queretaro,20.5954708,-100.3970593
76147,Victoria Popular,Residential,Queretaro,20.5954708,-100.3970593
76147,Lic. Alfredo Estrada Romero,Residential,Queretaro,20.5954708,-100.3970593
76147,Ladera de San Jos√© el Alto Oriente,Residential,Queretaro,20.5954708,-100.3970593
76147,Ignacio Zaragoza,Residential,Queretaro,20.5954708,-100.3970593
76148,La Rueca,Residential,Queretaro,20.5954708,-100.3970593
76148,Villas Fontana,Residential,Queretaro,20.5954708,-100.3970593
76148,El Jard√≠n,Residential,Queretaro,20.5954708,-100.3970593
76148,Los Ciruelos,Residential,Queretaro,20.5954708,-100.3970593
76148,Jardines de Santiago,Residential,Queretaro,20.5954708,-100.3970593
76148,Lomas de San Pedrito (Secci√≥n Portales),Residential,Queretaro,20.5954708,-100.3970593
76148,San Pedrito Pe√±uelas III,Residential,Queretaro,20.5954708,-100.3970593
76148,Jardines de Villas de Santiago,Residential,Queretaro,20.5954708,-100.3970593
76148,Lomas de San Pedrito Pe√±uelas Secc Portales,Residential,Queretaro,20.5954708,-100.3970593
76148,San Pedrito Pe√±uelas II,Residential,Queretaro,20.5954708,-100.3970593
76148,San Pedrito Pe√±uelas I,Residential,Queretaro,20.5954708,-100.3970593
76148,San Pedrito los Arcos,Residential,Queretaro,20.5954708,-100.3970593
76148,Los Sabinos,Residential,Queretaro,20.5954708,-100.3970593
76148,Bel√©n,Residential,Queretaro,20.5954708,-100.3970593
76148,Jardines del Bosque,Residential,Queretaro,20.5954708,-100.3970593
76148,Valle de San Pedrito Pe√±uelas,Residential,Queretaro,20.5954708,-100.3970593
76148,San Pedrito Ecol√≥gico,Residential,Queretaro,20.5954708,-100.3970593
76148,Libertad,Residential,Queretaro,20.5954708,-100.3970593
76148,San Pedrito Pe√±uelas IV,Residential,Queretaro,20.5954708,-100.3970593
76148,Conjunto Bel√©n,Residential,Queretaro,20.5954708,-100.3970593
76148,Euripides,Residential,Queretaro,20.5954708,-100.3970593
76148,El Vergel,Residential,Queretaro,20.5954708,-100.3970593
76148,Anexo a la Ec√≥logia,Residential,Queretaro,20.5954708,-100.3970593
76148,Pe√±uelas,Residential,Queretaro,20.5954708,-100.3970593
76148,Puerta de Bel√©n,Residential,Queretaro,20.5954708,-100.3970593
76148,Bosques de Bella Vista,Residential,Queretaro,20.5954708,-100.3970593
76148,Bosques de la Hacienda,Residential,Queretaro,20.5954708,-100.3970593
76148,Ampliaci√≥n Amalia Sol√≥rzano,Residential,Queretaro,20.5954708,-100.3970593
76148,El Parque,Residential,Queretaro,20.5954708,-100.3970593
76148,La Ladera,Residential,Queretaro,20.5954708,-100.3970593
76148,Portal de Samaniego,Residential,Queretaro,20.5954708,-100.3970593
76148,Unidad Nacional,Residential,Queretaro,20.5954708,-100.3970593
76148,Paseos del Pedregal,Residential,Queretaro,20.5954708,-100.3970593
76148,Ricardo Flores Mag√≥n,Residential,Queretaro,20.5954708,-100.3970593
76148,El Sabino,Residential,Queretaro,20.5954708,-100.3970593
76148,Paseos de la Cuesta,Residential,Queretaro,20.5954708,-100.3970593
76148,Villa Fontana,Residential,Queretaro,20.5954708,-100.3970593
76148,Cuesta Azul,Residential,Queretaro,20.5954708,-100.3970593
76148,Rincones del Parque,Residential,Queretaro,20.5954708,-100.3970593
76148,Villas de Santiago,Residential,Queretaro,20.5954708,-100.3970593
76148,Amalia Solorzano,Residential,Queretaro,20.5954708,-100.3970593
76148,Nuevo San Pedrito,Residential,Queretaro,20.5954708,-100.3970593
76148,Reforma Agraria Radical,Residential,Queretaro,20.5954708,-100.3970593
76148,Colinas de San Pablo,Residential,Queretaro,20.5954708,-100.3970593
76148,Los Padilla,Residential,Queretaro,20.5954708,-100.3970593
76148,Nueva Esperanza,Residential,Queretaro,20.5954708,-100.3970593
76149,Misi√≥n de Conc√°,Residential,Queretaro,20.5954708,-100.3970593
76150,Rinconada San Jos√©,Residential,Queretaro,20.6048567,-100.3988309
76150,La Estaci√≥n F.F.C.C.,Residential,Queretaro,20.6048567,-100.3988309
76150,La Popular,Residential,Queretaro,20.6048567,-100.3988309
76150,Popular Indeco,Residential Unit,Queretaro,20.6048567,-100.3988309
76150,La Florida,Residential,Queretaro,20.6048567,-100.3988309
76150,Constituyentes Fovissste,Residential Unit,Queretaro,20.6048567,-100.3988309
76150,La Piedad,Residential,Queretaro,20.6048567,-100.3988309
76150,Residencial Tecnol√≥gico,Residential,Queretaro,20.6048567,-100.3988309
76150,Villas Tecnol√≥gico,Residential,Queretaro,20.6048567,-100.3988309
76150,La Estaci√≥n,Residential,Queretaro,20.6048567,-100.3988309
76150,San Pablo Tecnol√≥gico,Residential,Queretaro,20.6048567,-100.3988309
76150,San Roque,Residential,Queretaro,20.6048567,-100.3988309
76150,La Era,Residential,Queretaro,20.6048567,-100.3988309
76150,Industrial La Monta√±a,Residential,Queretaro,20.6048567,-100.3988309
76150,El Fenix,Residential,Queretaro,20.6048567,-100.3988309
76150,Los Fresnos,Residential,Queretaro,20.6048567,-100.3988309
76150,Los Molinos,Residential,Queretaro,20.6048567,-100.3988309
76150,Los Angeles,Residential,Queretaro,20.6048567,-100.3988309
76150,Los Alcanfores,Residential,Queretaro,20.6048567,-100.3988309
76150,Los Vitrales,Residential,Queretaro,20.6048567,-100.3988309
76150,Tecnol√≥gico 2000,Residential,Queretaro,20.6048567,-100.3988309
76150,Zona Industrial la Monta√±a,Industrial Zone,Queretaro,20.6048567,-100.3988309
76150,Sauces,Residential,Queretaro,20.6048567,-100.3988309
76150,Felipe √Ångeles,Residential,Queretaro,20.6048567,-100.3988309
76150,Asalias,Residential,Queretaro,20.6048567,-100.3988309
76150,San Jos√© de la Monta√±a,Residential,Queretaro,20.6048567,-100.3988309
76150,Est√≠o,Residential,Queretaro,20.6048567,-100.3988309
76150,G√©minis,Residential,Queretaro,20.6048567,-100.3988309
76150,Rinconada los Pirules,Residential,Queretaro,20.6048567,-100.3988309
76150,Los Alcanfores Secci√≥n Sur,Residential,Queretaro,20.6048567,-100.3988309
76150,Molinos de La Era,Residential,Queretaro,20.6048567,-100.3988309
76154,El Retablo,Residential,Queretaro,20.59640835,-100.4126063
76155,Viveros de Queretaro,Residential,Queretaro,20.605973,-100.3770356
76155,Viveros,Residential,Queretaro,20.605973,-100.3770356
76156,Constituyentes de 1824,Residential,Queretaro,20.6121194,-100.3850819
76156,Los Alcanfores Secci√≥n Norte,Residential,Queretaro,20.6121194,-100.3850819
76156,Moderna,Residential Unit,Queretaro,20.6121194,-100.3850819
76156,Los Eucaliptos,Residential,Queretaro,20.6121194,-100.3850819
76156,San Gregorio,Residential,Queretaro,20.6121194,-100.3850819
76156,Primavera,Residential,Queretaro,20.6121194,-100.3850819
76157,Santa Catarina,Residential,Queretaro,20.60685963,-100.4011366
76158,Departamental los Pirules,Residential,Queretaro,20.60851278,-100.4003571
76158,Conjunto Parques,Residential,Queretaro,20.60851278,-100.4003571
76158,Espa√±a,Residential,Queretaro,20.60851278,-100.4003571
76158,Las Pe√±itas,Residential,Queretaro,20.60851278,-100.4003571
76158,Prados Del Tecnol√≥gico,Residential,Queretaro,20.60851278,-100.4003571
76158,Real Del Parque,Residential Unit,Queretaro,20.60851278,-100.4003571
76158,Victoria,Residential,Queretaro,20.60851278,-100.4003571
76158,Porvenir,Residential,Queretaro,20.60851278,-100.4003571
76158,Los Faroles,Residential,Queretaro,20.60851278,-100.4003571
76158,Las Pe√±as,Residential,Queretaro,20.60851278,-100.4003571
76158,Tecnol√≥gico,Residential,Queretaro,20.60851278,-100.4003571
76158,Departamental Parques,Residential,Queretaro,20.60851278,-100.4003571
76158,El Porvenir,Residential,Queretaro,20.60851278,-100.4003571
76159,Rinconada San Joaqu√≠n,Residential,Queretaro,20.6121194,-100.3850819
76159,Fresnos Condominio 2,Residential,Queretaro,20.6121194,-100.3850819
76159,Cima,Residential,Queretaro,20.6121194,-100.3850819
76159,La Cima,Residential,Queretaro,20.6121194,-100.3850819
76159,Fresnos Condominio 3,Residential,Queretaro,20.6121194,-100.3850819
76159,Los Girasoles,Residential,Queretaro,20.6121194,-100.3850819
76159,Conjunto Queretano,Residential,Queretaro,20.6121194,-100.3850819
76159,Conjunto Queretaro,Residential,Queretaro,20.6121194,-100.3850819
76159,Fresnos Condominio 4,Residential,Queretaro,20.6121194,-100.3850819
76159,Mirador,Residential,Queretaro,20.6121194,-100.3850819
76159,Real Jurica,Residential,Queretaro,20.6121194,-100.3850819
76159,San Joaqu√≠n,Residential,Queretaro,20.6121194,-100.3850819
76159,Balc√≥n Campestre,Residential,Queretaro,20.6121194,-100.3850819
76159,San Pablo,Residential,Queretaro,20.6121194,-100.3850819
76159,Real de San Pablo,Residential,Queretaro,20.6121194,-100.3850819
76160,Residential Parque del √Ålamo,Residential,Queretaro,20.5954708,-100.3970593
76160,El Tepetate,Residential,Queretaro,20.5954708,-100.3970593
76160,√Ålamos 3a Secci√≥n,Residential,Queretaro,20.5954708,-100.3970593
76160,El Cerrito,Residential,Queretaro,20.5954708,-100.3970593
76160,Parque Del √Ålamo,Residential,Queretaro,20.5954708,-100.3970593
76160,√Ålamos 2a Secci√≥n,Residential,Queretaro,20.5954708,-100.3970593
76160,√Ålamos 3a Secc,Residential,Queretaro,20.5954708,-100.3970593
76160,√Ålamos 2a Secc,Residential,Queretaro,20.5954708,-100.3970593
76160,Romy,Residential,Queretaro,20.5954708,-100.3970593
76160,Privada Bugambilias,Residential,Queretaro,20.5954708,-100.3970593
76160,√Ålamos 1a Secci√≥n,Residential,Queretaro,20.5954708,-100.3970593
76160,Montecarlo,Residential,Queretaro,20.5954708,-100.3970593
76160,Las Hadas,Residential,Queretaro,20.5954708,-100.3970593
76160,Las Brujas,Residential,Queretaro,20.5954708,-100.3970593
76160,Rinconada de los Alamos,Residential,Queretaro,20.5954708,-100.3970593
76164,Nacozari,Residential,Queretaro,20.60091229,-100.3944361
76164,H√©roe de Nacozari,Residential,Queretaro,20.60091229,-100.3944361
76164,Las Rosas,Residential,Queretaro,20.60091229,-100.3944361
76165,Los Cedros,Residential,Queretaro,20.60080025,-100.3901438
76165,Los Claustros,Residential,Queretaro,20.60080025,-100.3901438
76165,Guadalupe Victoria,Residential,Queretaro,20.60080025,-100.3901438
76165,Margaritas,Residential,Queretaro,20.60080025,-100.3901438
76165,San Sebasti√°n,Residential,Queretaro,20.60080025,-100.3901438
76165,Guadalupe Victoria (SAHOP),Residential,Queretaro,20.60080025,-100.3901438
76166,La Trinidad,Residential,Queretaro,20.60371697,-100.3882163
76168,Mega Plaza,Residential,Queretaro,20.60606852,-100.3930141
76168,Las Palomas,Residential,Queretaro,20.60606852,-100.3930141
76168,Claustros Del Parque,Residential,Queretaro,20.60606852,-100.3930141
76168,La Loma,Residential,Queretaro,20.60606852,-100.3930141
76168,Rinconada Jacarandas,Residential,Queretaro,20.60606852,-100.3930141
76168,Residencial Bosques,Residential,Queretaro,20.60606852,-100.3930141
76168,Las Gemas,Residential,Queretaro,20.60606852,-100.3930141
76168,Quinta Laborcla,Residential,Queretaro,20.60606852,-100.3930141
76168,Quinta La Laborcilla,Residential,Queretaro,20.60606852,-100.3930141
76168,Lindavista,Residential,Queretaro,20.60606852,-100.3930141
76168,Lomas de Lindavista,Residential,Queretaro,20.60606852,-100.3930141
76169,Privada la Laborcilla,Residential,Queretaro,20.6144914,-100.39066
76169,Plaza Boulevares,Commercial,Queretaro,20.6144914,-100.39066
76169,Plaza del Parque,Commercial,Queretaro,20.6144914,-100.39066
76169,Plazas Del Parque,Residential,Queretaro,20.6144914,-100.39066
76170,Colibr√≠,Residential,Queretaro,20.57872584,-100.4123666
76170,Eucaliptos II,Residential,Queretaro,20.57872584,-100.4123666
76170,Eucaliptos III,Residential,Queretaro,20.57872584,-100.4123666
76170,Eucaliptos I,Residential,Queretaro,20.57872584,-100.4123666
76170,La Reja,Residential,Queretaro,20.57872584,-100.4123666
76170,La Capilla,Residential,Queretaro,20.57872584,-100.4123666
76175,Los Virreyes,Residential,Queretaro,20.6121194,-100.3850819
76176,Prados de La Capilla,Residential,Queretaro,20.58031771,-100.409792
76176,Los Pinos,Residential,Queretaro,20.58031771,-100.409792
76177,Hacienda Galindo,Residential,Queretaro,20.6121194,-100.3850819
76177,Residential Frondoso,Residential,Queretaro,20.6121194,-100.3850819
76177,La Carambada,Residential,Queretaro,20.6121194,-100.3850819
76177,Galindas,Residential,Queretaro,20.6121194,-100.3850819
76177,Residential Parque La Gloria,Residential,Queretaro,20.6121194,-100.3850819
76177,Rinconada La Capilla,Residential,Queretaro,20.6121194,-100.3850819
76177,La Toscana,Residential,Queretaro,20.6121194,-100.3850819
76177,Galindas Residential,Residential,Queretaro,20.6121194,-100.3850819
76177,Ejido Modelo,Residential,Queretaro,20.6121194,-100.3850819
76177,Demetrio Vallejo,Residential,Queretaro,20.6121194,-100.3850819
76177,Residential Gema,Residential,Queretaro,20.6121194,-100.3850819
76177,Las Glorias,Residential,Queretaro,20.6121194,-100.3850819
76177,Modelo,Residential,Queretaro,20.6121194,-100.3850819
76177,Las Galindas,Residential,Queretaro,20.6121194,-100.3850819
76177,Carolina,Residential,Queretaro,20.6121194,-100.3850819
76177,Villa San Antonio,Residential,Queretaro,20.6121194,-100.3850819
76177,Frida Kahlo,Residential,Queretaro,20.6121194,-100.3850819
76177,Provincia Santa Elena,Residential,Queretaro,20.6121194,-100.3850819
76178,El Ensue√±o,Residential,Queretaro,20.58201607,-100.4138603
76178,El Rosario,Residential,Queretaro,20.58201607,-100.4138603
76178,Villa las Arboledas,Residential,Queretaro,20.58201607,-100.4138603
76178,Los √Ångeles I,Residential,Queretaro,20.58201607,-100.4138603
76178,Ensue√±o,Residential,Queretaro,20.58201607,-100.4138603
76178,La Sandia,Residential,Queretaro,20.58201607,-100.4138603
76179,El Sillar,Residential,Queretaro,20.6121194,-100.3850819
76179,Santiago,Residential,Queretaro,20.6121194,-100.3850819
76179,C.E.A.,Residential,Queretaro,20.6121194,-100.3850819
76179,Quinta Alicia,Residential,Queretaro,20.6121194,-100.3850819
76180,La Joya,Residential,Queretaro,20.56719179,-100.4128535
76180,Magisterial,Residential,Queretaro,20.56719179,-100.4128535
76180,Jardines de La Hacienda,Residential,Queretaro,20.56719179,-100.4128535
76180,Uni√≥n Magisterial,Residential,Queretaro,20.56719179,-100.4128535
76180,La Granja,Residential,Queretaro,20.56719179,-100.4128535
76180,Orqu√≠deas,Residential,Queretaro,20.56719179,-100.4128535
76180,El Jacal,Agro-industrial,Queretaro,20.56719179,-100.4128535
76180,Las Plazas,Residential,Queretaro,20.56719179,-100.4128535
76180,An√°huac,Residential,Queretaro,20.56719179,-100.4128535
76180,Cruz de Fuego,Residential,Queretaro,20.56719179,-100.4128535
76185,Hacienda San Miguel,Residential,Queretaro,20.56396229,-100.4141752
76185,Clautros del Campestre,Residential,Queretaro,20.56396229,-100.4141752
76185,Mansiones Del Valle,Residential,Queretaro,20.56396229,-100.4141752
76186,Las Torres,Residential,Queretaro,20.6121194,-100.3850819
76187,El Jacal,Residential,Queretaro,20.5954708,-100.3970593
76188,Milpa Alta,Agro-industrial,Queretaro,20.5954708,-100.3970593
76190,Club Campestre,Residential,Queretaro,20.5954708,-100.3970593
76190,Los Pilares,Residential,Queretaro,20.5954708,-100.3970593
76190,Del Valle,Residential,Queretaro,20.5954708,-100.3970593
76190,Club Campestre de Queretaro,Residential,Queretaro,20.5954708,-100.3970593
76190,Rinc√≥n de San Antonio,Residential,Queretaro,20.5954708,-100.3970593
76190,Lomas de Queretaro,Residential,Queretaro,20.5954708,-100.3970593
76197,Fidel Vel√°zquez S√°nchez,Residential,Queretaro,20.6121194,-100.3850819
76197,Fidel Vel√°zquez,Residential,Queretaro,20.6121194,-100.3850819
76199,Prados Del Campestre,Residential,Queretaro,20.5954708,-100.3970593
76206,Villa Jard√≠n,Residential,Queretaro,20.6121194,-100.3850819
76206,Modelo,Agro-industrial,Queretaro,20.6121194,-100.3850819
76208,El Rosario,Agro-industrial,Queretaro,20.6121194,-100.3850819
76209,Cumbres de Conin,Residential,Queretaro,20.6121194,-100.3850819
76209,San Isidro Miranda,Agro-industrial,Queretaro,20.6121194,-100.3850819
76210,La Gotera,Agro-industrial,Queretaro,20.6121194,-100.3850819
76210,Jofrito,Agro-industrial,Queretaro,20.6121194,-100.3850819
76210,La Estacada,Agro-industrial,Queretaro,20.6121194,-100.3850819
76211,Ojo de Agua,Agro-industrial,Queretaro,20.6121194,-100.3850819
76212,La Luz,Agro-industrial,Queretaro,20.6121194,-100.3850819
76213,Palo Alto,Agro-industrial,Queretaro,20.6121194,-100.3850819
76214,La Estancia Palo Dulce,Agro-industrial,Queretaro,20.6121194,-100.3850819
76215,Jofre,Agro-industrial,Queretaro,20.6121194,-100.3850819
76216,Presa de Becerra,Agro-industrial,Queretaro,20.6121194,-100.3850819
76217,La Ca√±ada,Agro-industrial,Queretaro,20.6121194,-100.3850819
76218,Loma Del Chino,Agro-industrial,Queretaro,20.6121194,-100.3850819
76219,La Monja,Agro-industrial,Queretaro,20.6121194,-100.3850819
76220,Continental,Residential,Queretaro,20.5954708,-100.3970593
76220,La Solana,Agro-industrial,Queretaro,20.5954708,-100.3970593
76220,Las Rosas,Residential,Queretaro,20.5954708,-100.3970593
76220,San Miguelito,Agro-industrial,Queretaro,20.5954708,-100.3970593
76220,Puerto de Aguirre,Agro-industrial,Queretaro,20.5954708,-100.3970593
76220,Santa Rosa de Jauregui,Residential,Queretaro,20.5954708,-100.3970593
76220,Montenegro,Agro-industrial,Queretaro,20.5954708,-100.3970593
76221,La Barreta,Agro-industrial,Queretaro,20.6121194,-100.3850819
76221,La Carbonera,Agro-industrial,Queretaro,20.6121194,-100.3850819
76221,Charape de La Joya,Agro-industrial,Queretaro,20.6121194,-100.3850819
76221,Cerro de La Cruz,Agro-industrial,Queretaro,20.6121194,-100.3850819
76221,La Joya,Agro-industrial,Queretaro,20.6121194,-100.3850819
76223,Pinto,Agro-industrial,Queretaro,20.6121194,-100.3850819
76223,Pintillo,Agro-industrial,Queretaro,20.6121194,-100.3850819
76223,San Isidro Buenavista,Agro-industrial,Queretaro,20.6121194,-100.3850819
76223,Santa Catarina,Agro-industrial,Queretaro,20.6121194,-100.3850819
76224,Estancia de La Ranchera,Agro-industrial,Queretaro,20.6121194,-100.3850819
76224,Casa Blanca,Agro-industrial,Queretaro,20.6121194,-100.3850819
76224,Pie de Gallo,Agro-industrial,Queretaro,20.6121194,-100.3850819
76224,San Isidro Viejo,Agro-industrial,Queretaro,20.6121194,-100.3850819
76225,Presa de Santa Catarina,Agro-industrial,Queretaro,20.6121194,-100.3850819
76225,Buenavista,Residential,Queretaro,20.6121194,-100.3850819
76226,Acequia Blanca,Residential,Queretaro,20.6121194,-100.3850819
76226,San Jos√© Buenavista,Agro-industrial,Queretaro,20.6121194,-100.3850819
76226,Villas Del Mes√≥n,Agro-industrial,Queretaro,20.6121194,-100.3850819
76227,San Jos√© de La Tinaja,Agro-industrial,Queretaro,20.6121194,-100.3850819
76227,El Patol,Agro-industrial,Queretaro,20.6121194,-100.3850819
76227,La Pur√≠sima,Agro-industrial,Queretaro,20.6121194,-100.3850819
76227,El Transito,Agro-industrial,Queretaro,20.6121194,-100.3850819
76228,San Isidro El Alto,Agro-industrial,Queretaro,20.6121194,-100.3850819
76228,El Herrero,Agro-industrial,Queretaro,20.6121194,-100.3850819
76228,La Tinaja de La Estancia,Agro-industrial,Queretaro,20.6121194,-100.3850819
76228,Llano de La Rochera,Agro-industrial,Queretaro,20.6121194,-100.3850819
76229,El Nabo,Agro-industrial,Queretaro,20.6121194,-100.3850819
76229,El Pie,Agro-industrial,Queretaro,20.6121194,-100.3850819
76229,Tlacote El Alto,Agro-industrial,Queretaro,20.6121194,-100.3850819
76229,Tlacote El Bajo,Agro-industrial,Queretaro,20.6121194,-100.3850819
76229,Mampani,Agro-industrial,Queretaro,20.6121194,-100.3850819
76230,San Francisco,Residential,Queretaro,20.6059678,-100.4916593
76230,Cumbres del Lago,Residential,Queretaro,20.6059678,-100.4916593
76230,Juriquilla,Agro-industrial,Queretaro,20.6059678,-100.4916593
76230,La ca√±ada,Residential,Queretaro,20.6059678,-100.4916593
76230,Privada Juriquilla,Residential,Queretaro,20.6059678,-100.4916593
76230,Providencia Juriquilla,Residential,Queretaro,20.6059678,-100.4916593
76230,Tolim√°n,Residential,Queretaro,20.6059678,-100.4916593
76230,Balcones de Juriquilla,Residential,Queretaro,20.6059678,-100.4916593
76232,San Pedrito El Alto,Agro-industrial,Queretaro,20.66404742,-100.3981413
76233,Pe√±uelas,Agro-industrial,Queretaro,20.6121194,-100.3850819
76234,Santo Ni√±o de Praga,Agro-industrial,Queretaro,20.6121194,-100.3850819
76235,Menchaca,Agro-industrial,Queretaro,20.6121194,-100.3850819
76236,El Zapote,Agro-industrial,Queretaro,20.6121194,-100.3850819
76237,Bola√±os,Common land,Queretaro,20.6780619,-100.38697
76238,San Jos√© El Alto,Agro-industrial,Queretaro,20.6121194,-100.3850819
76239,La Purisima,Agro-industrial,Queretaro,20.6121194,-100.3850819